#
# There is insufficient memory for the Java Runtime Environment to continue.
# Native memory allocation (malloc) failed to allocate 1837776 bytes. Error detail: Chunk::new
# Possible reasons:
#   The system is out of physical RAM or swap space
#   This process is running with CompressedOops enabled, and the Java Heap may be blocking the growth of the native heap
# Possible solutions:
#   Reduce memory load on the system
#   Increase physical memory or swap space
#   Check if swap backing store is full
#   Decrease Java heap size (-Xmx/-Xms)
#   Decrease number of Java threads
#   Decrease Java thread stack sizes (-Xss)
#   Set larger code cache with -XX:ReservedCodeCacheSize=
#   JVM is running with Zero Based Compressed Oops mode in which the Java heap is
#     placed in the first 32GB address space. The Java Heap base address is the
#     maximum limit for the native heap growth. Please use -XX:HeapBaseMinAddress
#     to set the Java Heap base and to place the Java Heap above 32GB virtual address.
# This output file may be truncated or incomplete.
#
#  Out of Memory Error (arena.cpp:168), pid=7632, tid=26148
#
# JRE version: OpenJDK Runtime Environment Zulu21.50+19-CA (21.0.11+10) (build 21.0.11+10-LTS)
# Java VM: OpenJDK 64-Bit Server VM Zulu21.50+19-CA (21.0.11+10-LTS, mixed mode, sharing, tiered, compressed oops, compressed class ptrs, g1 gc, windows-amd64)
# No core dump will be written. Minidumps are not enabled by default on client versions of Windows
#

---------------  S U M M A R Y ------------

Command Line: --add-opens=java.base/java.lang=ALL-UNNAMED --add-opens=java.base/java.lang.invoke=ALL-UNNAMED --add-opens=java.base/java.util=ALL-UNNAMED --add-opens=java.prefs/java.util.prefs=ALL-UNNAMED --add-exports=jdk.compiler/com.sun.tools.javac.api=ALL-UNNAMED --add-exports=jdk.compiler/com.sun.tools.javac.util=ALL-UNNAMED --add-opens=java.base/java.util=ALL-UNNAMED --add-opens=java.prefs/java.util.prefs=ALL-UNNAMED --add-opens=java.base/java.nio.charset=ALL-UNNAMED --add-opens=java.base/java.net=ALL-UNNAMED --add-opens=java.base/java.util.concurrent=ALL-UNNAMED --add-opens=java.base/java.util.concurrent.atomic=ALL-UNNAMED --add-opens=java.xml/javax.xml.namespace=ALL-UNNAMED --add-opens=java.base/java.time=ALL-UNNAMED -Xmx4096M -Dfile.encoding=UTF-8 -Duser.country=US -Duser.language=en -Duser.variant -javaagent:C:\Users\ACER\.gradle\wrapper\dists\gradle-9.1.0-bin\9agqghryom9wkf8r80qlhnts3\gradle-9.1.0\lib\agents\gradle-instrumentation-agent-9.1.0.jar org.gradle.launcher.daemon.bootstrap.GradleDaemon 9.1.0

Host: 13th Gen Intel(R) Core(TM) i5-13420H, 12 cores, 15G,  Windows 11 , 64 bit Build 26100 (10.0.26100.9444)
Time: Thu Oct  8 17:30:53 2026 Myanmar Standard Time elapsed time: 1637.789353 seconds (0d 0h 27m 17s)

---------------  T H R E A D  ---------------

Current thread (0x000002045c7e1b80):  JavaThread "C2 CompilerThread0" daemon [_thread_in_native, id=26148, stack(0x0000003794800000,0x0000003794900000) (1024K)]


Current CompileTask:
C2:1637789 44656       4       org.objectweb.asm.ClassReader::accept (1419 bytes)

Stack: [0x0000003794800000,0x0000003794900000]
Native frames: (J=compiled Java code, j=interpreted, Vv=VM code, C=native code)
V  [jvm.dll+0x702609]
V  [jvm.dll+0x8e6e6f]
V  [jvm.dll+0x8e9318]
V  [jvm.dll+0x8e9a83]
V  [jvm.dll+0x29bff6]
V  [jvm.dll+0xd346d]
V  [jvm.dll+0xd39a3]
V  [jvm.dll+0x3dd112]
V  [jvm.dll+0x3a6515]
V  [jvm.dll+0x3a594a]
V  [jvm.dll+0x25fd50]
V  [jvm.dll+0x25f331]
V  [jvm.dll+0x1dcbf4]
V  [jvm.dll+0x26f030]
V  [jvm.dll+0x26d559]
V  [jvm.dll+0x418d3c]
V  [jvm.dll+0x88f476]
V  [jvm.dll+0x700cc4]
C  [ucrtbase.dll+0x2cd30]
C  [KERNEL32.DLL+0x2cd87]
C  [ntdll.dll+0xacaec]


---------------  P R O C E S S  ---------------

Threads class SMR info:
_java_thread_list=0x00000204c6f7d200, length=148, elements={
0x000002043c53b660, 0x000002045c7d4710, 0x000002045c7d5370, 0x000002045c7daa90,
0x000002045c7dc150, 0x000002045c7dd420, 0x000002045c7de8a0, 0x000002045c7e1b80,
0x000002045c7e2620, 0x000002045d2dfb00, 0x000002045d34eab0, 0x00000204a3a623e0,
0x00000204a3b35d80, 0x00000204a43d55c0, 0x00000204a4465de0, 0x00000204a4467190,
0x00000204a4466470, 0x00000204a5328140, 0x00000204a532c970, 0x00000204a532a210,
0x00000204a6f9a4e0, 0x00000204a653aeb0, 0x00000204a653dca0, 0x00000204a653e330,
0x00000204a653e9c0, 0x00000204a6f9c5b0, 0x00000204a6f9dff0, 0x00000204ae1e97c0,
0x00000204ae1e8aa0, 0x00000204ae1ea4e0, 0x00000204ae1e76f0, 0x00000204ae1e7d80,
0x00000204ae1eab70, 0x00000204ae1e8410, 0x00000204ae1e9130, 0x00000204ae1edff0,
0x00000204ae1ec5b0, 0x00000204b1006240, 0x00000204affe46d0, 0x00000204b200faf0,
0x00000204b00219f0, 0x00000204b001ffb0, 0x00000204b2e03c90, 0x00000204b2e05040,
0x00000204b2e04320, 0x00000204b2e049b0, 0x00000204a64e0df0, 0x00000204b17b2490,
0x00000204b17b03c0, 0x00000204b17af010, 0x00000204b17b10e0, 0x00000204b17b1770,
0x00000204b17b1e00, 0x00000204a8fef0f0, 0x00000204a8feea60, 0x00000204a8ff1850,
0x00000204a8fef780, 0x00000204a8ff0b30, 0x00000204a8ff1ee0, 0x00000204a8fefe10,
0x00000204a8ff04a0, 0x00000204b1b89200, 0x00000204b1b884e0, 0x00000204afda6f10,
0x00000204afda61f0, 0x00000204afda82c0, 0x00000204afda8fe0, 0x00000204afda75a0,
0x00000204afda9670, 0x00000204afda8950, 0x00000204afda6880, 0x00000204afda7c30,
0x00000204b1689460, 0x00000204b1688dd0, 0x00000204b168a180, 0x00000204ae68c530,
0x00000204ae68d8e0, 0x00000204ae68df70, 0x00000204ae68ec90, 0x00000204c6f1ad70,
0x00000204c6f1ce40, 0x00000204c6f1db60, 0x00000204c6f1c7b0, 0x00000204c6f1b400,
0x00000204b1b52400, 0x00000204b1b516e0, 0x00000204c6f1a6e0, 0x00000204c6f1d4d0,
0x00000204c6f1ba90, 0x00000204c6f1c120, 0x00000204ae28abf0, 0x00000204ae28b280,
0x00000204ae28b910, 0x00000204ae28a560, 0x00000204a90bcb60, 0x00000204a90bb120,
0x00000204a90bc4d0, 0x00000204a90ba400, 0x00000204af8e4640, 0x00000204af8e3290,
0x00000204af8e3920, 0x00000204b11016f0, 0x00000204b1101060, 0x00000204b1101d80,
0x00000204b1103e50, 0x00000204b1103130, 0x00000204b1102410, 0x00000204b1102aa0,
0x00000204b11037c0, 0x00000204b11044e0, 0x00000204b046b630, 0x00000204b046c350,
0x00000204b046bcc0, 0x00000204b046afa0, 0x00000204c667b300, 0x00000204c667b990,
0x00000204c667c020, 0x00000204b1b51d70, 0x00000204a64e1b10, 0x00000204a64e2ec0,
0x00000204a64e3550, 0x00000204a64e1480, 0x00000204a64e21a0, 0x00000204a64e2830,
0x00000204a64e0760, 0x00000204a64e00d0, 0x00000204c6871880, 0x00000204c6871f10,
0x00000204c7c05320, 0x00000204c667c6b0, 0x00000204af93f7b0, 0x00000204a95bc820,
0x00000204c67491d0, 0x00000204c6748b40, 0x00000204c6747e20, 0x00000204af93e400,
0x00000204b0bbff60, 0x00000204c6679f50, 0x00000204b200a5a0, 0x00000204b1b51050,
0x00000204aedd59c0, 0x00000204aedd4610, 0x00000204aedd4ca0, 0x00000204aedd5330,
0x00000204c7dd68d0, 0x00000204c7dd75f0, 0x00000204c7dd7c80, 0x00000204c7dd6f60
}

Java Threads: ( => current thread )
  0x000002043c53b660 JavaThread "main"                              [_thread_blocked, id=16732, stack(0x0000003793a00000,0x0000003793b00000) (1024K)]
  0x000002045c7d4710 JavaThread "Reference Handler"          daemon [_thread_blocked, id=27980, stack(0x0000003794200000,0x0000003794300000) (1024K)]
  0x000002045c7d5370 JavaThread "Finalizer"                  daemon [_thread_blocked, id=12180, stack(0x0000003794300000,0x0000003794400000) (1024K)]
  0x000002045c7daa90 JavaThread "Signal Dispatcher"          daemon [_thread_blocked, id=2068, stack(0x0000003794400000,0x0000003794500000) (1024K)]
  0x000002045c7dc150 JavaThread "Attach Listener"            daemon [_thread_blocked, id=29216, stack(0x0000003794500000,0x0000003794600000) (1024K)]
  0x000002045c7dd420 JavaThread "Service Thread"             daemon [_thread_blocked, id=30148, stack(0x0000003794600000,0x0000003794700000) (1024K)]
  0x000002045c7de8a0 JavaThread "Monitor Deflation Thread"   daemon [_thread_blocked, id=29440, stack(0x0000003794700000,0x0000003794800000) (1024K)]
=>0x000002045c7e1b80 JavaThread "C2 CompilerThread0"         daemon [_thread_in_native, id=26148, stack(0x0000003794800000,0x0000003794900000) (1024K)]
  0x000002045c7e2620 JavaThread "C1 CompilerThread0"         daemon [_thread_blocked, id=15848, stack(0x0000003794900000,0x0000003794a00000) (1024K)]
  0x000002045d2dfb00 JavaThread "Common-Cleaner"             daemon [_thread_blocked, id=23892, stack(0x0000003794b00000,0x0000003794c00000) (1024K)]
  0x000002045d34eab0 JavaThread "Notification Thread"        daemon [_thread_blocked, id=28116, stack(0x0000003794c00000,0x0000003794d00000) (1024K)]
  0x00000204a3a623e0 JavaThread "Daemon health stats"               [_thread_blocked, id=21624, stack(0x0000003795200000,0x0000003795300000) (1024K)]
  0x00000204a3b35d80 JavaThread "Incoming local TCP Connector on port 63807"        [_thread_in_native, id=25024, stack(0x0000003794a00000,0x0000003794b00000) (1024K)]
  0x00000204a43d55c0 JavaThread "Daemon periodic checks"            [_thread_blocked, id=13612, stack(0x0000003795300000,0x0000003795400000) (1024K)]
  0x00000204a4465de0 JavaThread "Cache worker for journal cache (C:\Users\ACER\.gradle\caches\journal-1)"        [_thread_blocked, id=29316, stack(0x0000003796000000,0x0000003796100000) (1024K)]
  0x00000204a4467190 JavaThread "File lock request listener"        [_thread_in_native, id=15992, stack(0x0000003796100000,0x0000003796200000) (1024K)]
  0x00000204a4466470 JavaThread "Cache worker for file hash cache (C:\Users\ACER\.gradle\caches\9.1.0\fileHashes)"        [_thread_blocked, id=23336, stack(0x0000003796200000,0x0000003796300000) (1024K)]
  0x00000204a5328140 JavaThread "Cache worker for file content cache (C:\Users\ACER\.gradle\caches\9.1.0\fileContent)"        [_thread_blocked, id=23716, stack(0x0000003796900000,0x0000003796a00000) (1024K)]
  0x00000204a532c970 JavaThread "File watcher server"        daemon [_thread_in_native, id=29656, stack(0x0000003796a00000,0x0000003796b00000) (1024K)]
  0x00000204a532a210 JavaThread "File watcher consumer"      daemon [_thread_blocked, id=28464, stack(0x0000003796b00000,0x0000003796c00000) (1024K)]
  0x00000204a6f9a4e0 JavaThread "Memory manager"                    [_thread_blocked, id=25340, stack(0x0000003796d00000,0x0000003796e00000) (1024K)]
  0x00000204a653aeb0 JavaThread "RMI Scheduler(0)"           daemon [_thread_blocked, id=32460, stack(0x000000379d800000,0x000000379d900000) (1024K)]
  0x00000204a653dca0 JavaThread "RMI GC Daemon"              daemon [_thread_blocked, id=32468, stack(0x000000379fc00000,0x000000379fd00000) (1024K)]
  0x00000204a653e330 JavaThread "RMI TCP Accept-0"           daemon [_thread_in_native, id=32508, stack(0x000000379fd00000,0x000000379fe00000) (1024K)]
  0x00000204a653e9c0 JavaThread "RMI Reaper"                        [_thread_blocked, id=32512, stack(0x000000379fe00000,0x000000379ff00000) (1024K)]
  0x00000204a6f9c5b0 JavaThread "jar transforms"                    [_thread_blocked, id=31016, stack(0x0000003796500000,0x0000003796600000) (1024K)]
  0x00000204a6f9dff0 JavaThread "jar transforms Thread 2"           [_thread_blocked, id=32056, stack(0x0000003796600000,0x0000003796700000) (1024K)]
  0x00000204ae1e97c0 JavaThread "jar transforms Thread 3"           [_thread_blocked, id=27000, stack(0x0000003796700000,0x0000003796800000) (1024K)]
  0x00000204ae1e8aa0 JavaThread "jar transforms Thread 4"           [_thread_blocked, id=18980, stack(0x0000003796800000,0x0000003796900000) (1024K)]
  0x00000204ae1ea4e0 JavaThread "jar transforms Thread 5"           [_thread_blocked, id=10332, stack(0x0000003796c00000,0x0000003796d00000) (1024K)]
  0x00000204ae1e76f0 JavaThread "jar transforms Thread 6"           [_thread_blocked, id=30824, stack(0x0000003796e00000,0x0000003796f00000) (1024K)]
  0x00000204ae1e7d80 JavaThread "jar transforms Thread 7"           [_thread_blocked, id=28536, stack(0x0000003796f00000,0x0000003797000000) (1024K)]
  0x00000204ae1eab70 JavaThread "jar transforms Thread 8"           [_thread_blocked, id=25020, stack(0x0000003797000000,0x0000003797100000) (1024K)]
  0x00000204ae1e8410 JavaThread "jar transforms Thread 9"           [_thread_blocked, id=31324, stack(0x0000003797100000,0x0000003797200000) (1024K)]
  0x00000204ae1e9130 JavaThread "jar transforms Thread 10"          [_thread_blocked, id=32344, stack(0x0000003797200000,0x0000003797300000) (1024K)]
  0x00000204ae1edff0 JavaThread "jar transforms Thread 11"          [_thread_blocked, id=29192, stack(0x0000003797300000,0x0000003797400000) (1024K)]
  0x00000204ae1ec5b0 JavaThread "jar transforms Thread 12"          [_thread_blocked, id=21548, stack(0x0000003797400000,0x0000003797500000) (1024K)]
  0x00000204b1006240 JavaThread "RMI TCP Connection(idle)"   daemon [_thread_blocked, id=30920, stack(0x0000003793700000,0x0000003793800000) (1024K)]
  0x00000204affe46d0 JavaThread "Daemon Thread 4"                   [_thread_blocked, id=32292, stack(0x0000003793800000,0x0000003793900000) (1024K)]
  0x00000204b200faf0 JavaThread "Handler for socket connection from /127.0.0.1:63807 to /127.0.0.1:65311"        [_thread_in_native, id=25240, stack(0x0000003793900000,0x0000003793a00000) (1024K)]
  0x00000204b00219f0 JavaThread "Cancel handler"                    [_thread_blocked, id=5192, stack(0x0000003795400000,0x0000003795500000) (1024K)]
  0x00000204b001ffb0 JavaThread "Daemon worker Thread 4"            [_thread_blocked, id=30724, stack(0x0000003795500000,0x0000003795600000) (1024K)]
  0x00000204b2e03c90 JavaThread "Asynchronous log dispatcher for DefaultDaemonConnection: socket connection from /127.0.0.1:63807 to /127.0.0.1:65311"        [_thread_blocked, id=2084, stack(0x0000003795600000,0x0000003795700000) (1024K)]
  0x00000204b2e05040 JavaThread "Stdin handler"                     [_thread_blocked, id=29188, stack(0x0000003795700000,0x0000003795800000) (1024K)]
  0x00000204b2e04320 JavaThread "Daemon client event forwarder"        [_thread_blocked, id=19888, stack(0x0000003795800000,0x0000003795900000) (1024K)]
  0x00000204b2e049b0 JavaThread "Cache worker for file hash cache (C:\Users\ACER\OneDrive\Desktop\Desk\KotlinMulti\.gradle\9.1.0\fileHashes)"        [_thread_blocked, id=31728, stack(0x0000003795900000,0x0000003795a00000) (1024K)]
  0x00000204a64e0df0 JavaThread "Cache worker for checksums cache (C:\Users\ACER\OneDrive\Desktop\Desk\KotlinMulti\.gradle\9.1.0\checksums)"        [_thread_blocked, id=31140, stack(0x0000003795e00000,0x0000003795f00000) (1024K)]
  0x00000204b17b2490 JavaThread "Cache worker for Build Output Cleanup Cache (C:\Users\ACER\OneDrive\Desktop\Desk\KotlinMulti\.gradle\buildOutputCleanup)"        [_thread_blocked, id=21916, stack(0x0000003797500000,0x0000003797600000) (1024K)]
  0x00000204b17b03c0 JavaThread "Cache worker for cache directory md-supplier (C:\Users\ACER\.gradle\caches\9.1.0\md-supplier)"        [_thread_blocked, id=25712, stack(0x0000003797700000,0x0000003797800000) (1024K)]
  0x00000204b17af010 JavaThread "Cache worker for cache directory md-rule (C:\Users\ACER\.gradle\caches\9.1.0\md-rule)"        [_thread_blocked, id=7468, stack(0x0000003797800000,0x0000003797900000) (1024K)]
  0x00000204b17b10e0 JavaThread "Unconstrained build operations"        [_thread_blocked, id=23668, stack(0x0000003797900000,0x0000003797a00000) (1024K)]
  0x00000204b17b1770 JavaThread "Unconstrained build operations Thread 2"        [_thread_blocked, id=32340, stack(0x0000003797a00000,0x0000003797b00000) (1024K)]
  0x00000204b17b1e00 JavaThread "Unconstrained build operations Thread 3"        [_thread_blocked, id=26804, stack(0x0000003797b00000,0x0000003797c00000) (1024K)]
  0x00000204a8fef0f0 JavaThread "Unconstrained build operations Thread 4"        [_thread_blocked, id=13252, stack(0x0000003797c00000,0x0000003797d00000) (1024K)]
  0x00000204a8feea60 JavaThread "Unconstrained build operations Thread 5"        [_thread_blocked, id=22564, stack(0x0000003797d00000,0x0000003797e00000) (1024K)]
  0x00000204a8ff1850 JavaThread "Unconstrained build operations Thread 6"        [_thread_blocked, id=21600, stack(0x0000003797e00000,0x0000003797f00000) (1024K)]
  0x00000204a8fef780 JavaThread "Unconstrained build operations Thread 7"        [_thread_blocked, id=5588, stack(0x0000003797f00000,0x0000003798000000) (1024K)]
  0x00000204a8ff0b30 JavaThread "Unconstrained build operations Thread 8"        [_thread_blocked, id=31072, stack(0x0000003798000000,0x0000003798100000) (1024K)]
  0x00000204a8ff1ee0 JavaThread "Unconstrained build operations Thread 9"        [_thread_blocked, id=29832, stack(0x0000003798100000,0x0000003798200000) (1024K)]
  0x00000204a8fefe10 JavaThread "Unconstrained build operations Thread 10"        [_thread_blocked, id=29776, stack(0x0000003798200000,0x0000003798300000) (1024K)]
  0x00000204a8ff04a0 JavaThread "Unconstrained build operations Thread 11"        [_thread_blocked, id=26384, stack(0x0000003798300000,0x0000003798400000) (1024K)]
  0x00000204b1b89200 JavaThread "Unconstrained build operations Thread 12"        [_thread_blocked, id=8440, stack(0x0000003798400000,0x0000003798500000) (1024K)]
  0x00000204b1b884e0 JavaThread "Unconstrained build operations Thread 13"        [_thread_blocked, id=32548, stack(0x0000003798500000,0x0000003798600000) (1024K)]
  0x00000204afda6f10 JavaThread "Unconstrained build operations Thread 14"        [_thread_blocked, id=32020, stack(0x0000003798600000,0x0000003798700000) (1024K)]
  0x00000204afda61f0 JavaThread "Unconstrained build operations Thread 15"        [_thread_blocked, id=31852, stack(0x0000003798700000,0x0000003798800000) (1024K)]
  0x00000204afda82c0 JavaThread "Unconstrained build operations Thread 16"        [_thread_blocked, id=28840, stack(0x0000003798800000,0x0000003798900000) (1024K)]
  0x00000204afda8fe0 JavaThread "Unconstrained build operations Thread 17"        [_thread_blocked, id=23608, stack(0x0000003798900000,0x0000003798a00000) (1024K)]
  0x00000204afda75a0 JavaThread "Unconstrained build operations Thread 18"        [_thread_blocked, id=20636, stack(0x0000003798a00000,0x0000003798b00000) (1024K)]
  0x00000204afda9670 JavaThread "Unconstrained build operations Thread 19"        [_thread_blocked, id=23468, stack(0x0000003798b00000,0x0000003798c00000) (1024K)]
  0x00000204afda8950 JavaThread "Unconstrained build operations Thread 20"        [_thread_blocked, id=32372, stack(0x0000003798c00000,0x0000003798d00000) (1024K)]
  0x00000204afda6880 JavaThread "Unconstrained build operations Thread 21"        [_thread_blocked, id=22900, stack(0x0000003798d00000,0x0000003798e00000) (1024K)]
  0x00000204afda7c30 JavaThread "Unconstrained build operations Thread 22"        [_thread_blocked, id=6076, stack(0x0000003798e00000,0x0000003798f00000) (1024K)]
  0x00000204b1689460 JavaThread "Configuration cache report writer"        [_thread_blocked, id=28188, stack(0x0000003798f00000,0x0000003799000000) (1024K)]
  0x00000204b1688dd0 JavaThread "Unconstrained build operations Thread 23"        [_thread_blocked, id=32200, stack(0x0000003799000000,0x0000003799100000) (1024K)]
  0x00000204b168a180 JavaThread "Unconstrained build operations Thread 24"        [_thread_blocked, id=19740, stack(0x0000003799100000,0x0000003799200000) (1024K)]
  0x00000204ae68c530 JavaThread "Unconstrained build operations Thread 25"        [_thread_blocked, id=23480, stack(0x0000003799200000,0x0000003799300000) (1024K)]
  0x00000204ae68d8e0 JavaThread "Unconstrained build operations Thread 26"        [_thread_blocked, id=32060, stack(0x0000003799300000,0x0000003799400000) (1024K)]
  0x00000204ae68df70 JavaThread "Unconstrained build operations Thread 27"        [_thread_blocked, id=27116, stack(0x0000003799400000,0x0000003799500000) (1024K)]
  0x00000204ae68ec90 JavaThread "Unconstrained build operations Thread 28"        [_thread_blocked, id=19220, stack(0x0000003799500000,0x0000003799600000) (1024K)]
  0x00000204c6f1ad70 JavaThread "Unconstrained build operations Thread 29"        [_thread_blocked, id=32592, stack(0x0000003799600000,0x0000003799700000) (1024K)]
  0x00000204c6f1ce40 JavaThread "Unconstrained build operations Thread 30"        [_thread_blocked, id=25488, stack(0x0000003799700000,0x0000003799800000) (1024K)]
  0x00000204c6f1db60 JavaThread "Unconstrained build operations Thread 31"        [_thread_blocked, id=31476, stack(0x0000003799800000,0x0000003799900000) (1024K)]
  0x00000204c6f1c7b0 JavaThread "Unconstrained build operations Thread 32"        [_thread_blocked, id=12116, stack(0x0000003799900000,0x0000003799a00000) (1024K)]
  0x00000204c6f1b400 JavaThread "Unconstrained build operations Thread 33"        [_thread_blocked, id=32288, stack(0x0000003799a00000,0x0000003799b00000) (1024K)]
  0x00000204b1b52400 JavaThread "Unconstrained build operations Thread 34"        [_thread_blocked, id=23720, stack(0x0000003799b00000,0x0000003799c00000) (1024K)]
  0x00000204b1b516e0 JavaThread "Unconstrained build operations Thread 35"        [_thread_blocked, id=15008, stack(0x0000003799c00000,0x0000003799d00000) (1024K)]
  0x00000204c6f1a6e0 JavaThread "Unconstrained build operations Thread 36"        [_thread_blocked, id=25556, stack(0x0000003799d00000,0x0000003799e00000) (1024K)]
  0x00000204c6f1d4d0 JavaThread "Unconstrained build operations Thread 37"        [_thread_blocked, id=17292, stack(0x0000003799e00000,0x0000003799f00000) (1024K)]
  0x00000204c6f1ba90 JavaThread "Unconstrained build operations Thread 38"        [_thread_blocked, id=26800, stack(0x0000003799f00000,0x000000379a000000) (1024K)]
  0x00000204c6f1c120 JavaThread "Unconstrained build operations Thread 39"        [_thread_blocked, id=30280, stack(0x000000379a000000,0x000000379a100000) (1024K)]
  0x00000204ae28abf0 JavaThread "Unconstrained build operations Thread 40"        [_thread_blocked, id=21436, stack(0x000000379a100000,0x000000379a200000) (1024K)]
  0x00000204ae28b280 JavaThread "Unconstrained build operations Thread 41"        [_thread_blocked, id=17116, stack(0x000000379a200000,0x000000379a300000) (1024K)]
  0x00000204ae28b910 JavaThread "Unconstrained build operations Thread 42"        [_thread_blocked, id=8796, stack(0x000000379a300000,0x000000379a400000) (1024K)]
  0x00000204ae28a560 JavaThread "Unconstrained build operations Thread 43"        [_thread_blocked, id=23896, stack(0x000000379a400000,0x000000379a500000) (1024K)]
  0x00000204a90bcb60 JavaThread "Unconstrained build operations Thread 44"        [_thread_blocked, id=25636, stack(0x000000379a500000,0x000000379a600000) (1024K)]
  0x00000204a90bb120 JavaThread "build event listener"              [_thread_blocked, id=28620, stack(0x000000379a600000,0x000000379a700000) (1024K)]
  0x00000204a90bc4d0 JavaThread "build event listener"              [_thread_blocked, id=908, stack(0x000000379a700000,0x000000379a800000) (1024K)]
  0x00000204a90ba400 JavaThread "build event listener"              [_thread_blocked, id=26864, stack(0x000000379a800000,0x000000379a900000) (1024K)]
  0x00000204af8e4640 JavaThread "Problems report writer"            [_thread_blocked, id=18932, stack(0x000000379a900000,0x000000379aa00000) (1024K)]
  0x00000204af8e3290 JavaThread "Build operations"                  [_thread_blocked, id=30288, stack(0x000000379aa00000,0x000000379ab00000) (1024K)]
  0x00000204af8e3920 JavaThread "Unconstrained build operations Thread 45"        [_thread_blocked, id=22408, stack(0x000000379ab00000,0x000000379ac00000) (1024K)]
  0x00000204b11016f0 JavaThread "Unconstrained build operations Thread 46"        [_thread_blocked, id=14700, stack(0x000000379ac00000,0x000000379ad00000) (1024K)]
  0x00000204b1101060 JavaThread "Unconstrained build operations Thread 47"        [_thread_blocked, id=31684, stack(0x000000379ad00000,0x000000379ae00000) (1024K)]
  0x00000204b1101d80 JavaThread "Unconstrained build operations Thread 48"        [_thread_blocked, id=25068, stack(0x000000379ae00000,0x000000379af00000) (1024K)]
  0x00000204b1103e50 JavaThread "Unconstrained build operations Thread 49"        [_thread_blocked, id=18620, stack(0x000000379af00000,0x000000379b000000) (1024K)]
  0x00000204b1103130 JavaThread "Unconstrained build operations Thread 50"        [_thread_blocked, id=24416, stack(0x000000379b000000,0x000000379b100000) (1024K)]
  0x00000204b1102410 JavaThread "Unconstrained build operations Thread 51"        [_thread_blocked, id=28816, stack(0x000000379b100000,0x000000379b200000) (1024K)]
  0x00000204b1102aa0 JavaThread "Unconstrained build operations Thread 52"        [_thread_blocked, id=28436, stack(0x000000379b200000,0x000000379b300000) (1024K)]
  0x00000204b11037c0 JavaThread "Unconstrained build operations Thread 53"        [_thread_blocked, id=30960, stack(0x000000379b300000,0x000000379b400000) (1024K)]
  0x00000204b11044e0 JavaThread "Unconstrained build operations Thread 54"        [_thread_blocked, id=32296, stack(0x000000379b400000,0x000000379b500000) (1024K)]
  0x00000204b046b630 JavaThread "Unconstrained build operations Thread 55"        [_thread_blocked, id=31920, stack(0x000000379b500000,0x000000379b600000) (1024K)]
  0x00000204b046c350 JavaThread "Unconstrained build operations Thread 56"        [_thread_blocked, id=30940, stack(0x000000379b600000,0x000000379b700000) (1024K)]
  0x00000204b046bcc0 JavaThread "Unconstrained build operations Thread 57"        [_thread_blocked, id=17644, stack(0x000000379b700000,0x000000379b800000) (1024K)]
  0x00000204b046afa0 JavaThread "Unconstrained build operations Thread 58"        [_thread_blocked, id=23804, stack(0x000000379b800000,0x000000379b900000) (1024K)]
  0x00000204c667b300 JavaThread "Build operations Thread 2"         [_thread_blocked, id=31048, stack(0x000000379ba00000,0x000000379bb00000) (1024K)]
  0x00000204c667b990 JavaThread "Build operations Thread 3"         [_thread_blocked, id=24992, stack(0x000000379bb00000,0x000000379bc00000) (1024K)]
  0x00000204c667c020 JavaThread "included builds"                   [_thread_blocked, id=25812, stack(0x000000379b900000,0x000000379ba00000) (1024K)]
  0x00000204b1b51d70 JavaThread "Execution worker"                  [_thread_in_native, id=7056, stack(0x000000379bc00000,0x000000379bd00000) (1024K)]
  0x00000204a64e1b10 JavaThread "Execution worker Thread 2"         [_thread_blocked, id=23704, stack(0x000000379bd00000,0x000000379be00000) (1024K)]
  0x00000204a64e2ec0 JavaThread "Execution worker Thread 3"         [_thread_blocked, id=26660, stack(0x000000379be00000,0x000000379bf00000) (1024K)]
  0x00000204a64e3550 JavaThread "Execution worker Thread 4"         [_thread_blocked, id=10316, stack(0x000000379bf00000,0x000000379c000000) (1024K)]
  0x00000204a64e1480 JavaThread "Execution worker Thread 5"         [_thread_blocked, id=30316, stack(0x000000379c000000,0x000000379c100000) (1024K)]
  0x00000204a64e21a0 JavaThread "Execution worker Thread 6"         [_thread_blocked, id=25800, stack(0x000000379c100000,0x000000379c200000) (1024K)]
  0x00000204a64e2830 JavaThread "Execution worker Thread 7"         [_thread_blocked, id=17232, stack(0x000000379c200000,0x000000379c300000) (1024K)]
  0x00000204a64e0760 JavaThread "Execution worker Thread 8"         [_thread_blocked, id=30568, stack(0x000000379c300000,0x000000379c400000) (1024K)]
  0x00000204a64e00d0 JavaThread "Execution worker Thread 9"         [_thread_blocked, id=28976, stack(0x000000379c400000,0x000000379c500000) (1024K)]
  0x00000204c6871880 JavaThread "Execution worker Thread 10"        [_thread_blocked, id=27468, stack(0x000000379c500000,0x000000379c600000) (1024K)]
  0x00000204c6871f10 JavaThread "Execution worker Thread 11"        [_thread_blocked, id=24064, stack(0x000000379c600000,0x000000379c700000) (1024K)]
  0x00000204c7c05320 JavaThread "Cache worker for execution history cache (C:\Users\ACER\OneDrive\Desktop\Desk\KotlinMulti\.gradle\9.1.0\executionHistory)"        [_thread_blocked, id=27936, stack(0x000000379c700000,0x000000379c800000) (1024K)]
  0x00000204c667c6b0 JavaThread "WorkerExecutor Queue"              [_thread_blocked, id=29852, stack(0x000000379c800000,0x000000379c900000) (1024K)]
  0x00000204af93f7b0 JavaThread "WorkerExecutor Queue Thread 2"        [_thread_blocked, id=28736, stack(0x000000379ca00000,0x000000379cb00000) (1024K)]
  0x00000204a95bc820 JavaThread "WorkerExecutor Queue Thread 3"        [_thread_blocked, id=28644, stack(0x000000379cb00000,0x000000379cc00000) (1024K)]
  0x00000204c67491d0 JavaThread "pool-9-thread-1"                   [_thread_blocked, id=26556, stack(0x000000379cc00000,0x000000379cd00000) (1024K)]
  0x00000204c6748b40 JavaThread "stderr"                            [_thread_in_native, id=26492, stack(0x000000379cd00000,0x000000379ce00000) (1024K)]
  0x00000204c6747e20 JavaThread "stdout"                            [_thread_in_native, id=29736, stack(0x000000379ce00000,0x000000379cf00000) (1024K)]
  0x00000204af93e400 JavaThread "RMI TCP Connection(idle)"   daemon [_thread_blocked, id=32524, stack(0x0000003797600000,0x0000003797700000) (1024K)]
  0x00000204b0bbff60 JavaThread "RMI TCP Connection(15)-127.0.0.1" daemon [_thread_in_native, id=21584, stack(0x000000379cf00000,0x000000379d000000) (1024K)]
  0x00000204c6679f50 JavaThread "WorkerExecutor Queue Thread 4"        [_thread_blocked, id=31480, stack(0x0000003795f00000,0x0000003796000000) (1024K)]
  0x00000204b200a5a0 JavaThread "Cache worker for Java compile cache (C:\Users\ACER\.gradle\caches\9.1.0\javaCompile)"        [_thread_in_Java, id=23724, stack(0x000000379c900000,0x000000379ca00000) (1024K)]
  0x00000204b1b51050 JavaThread "Build operations Thread 4"         [_thread_blocked, id=17376, stack(0x000000379d000000,0x000000379d100000) (1024K)]
  0x00000204aedd59c0 JavaThread "Build operations Thread 5"         [_thread_blocked, id=31240, stack(0x000000379d100000,0x000000379d200000) (1024K)]
  0x00000204aedd4610 JavaThread "Build operations Thread 6"         [_thread_blocked, id=22632, stack(0x000000379d200000,0x000000379d300000) (1024K)]
  0x00000204aedd4ca0 JavaThread "Build operations Thread 7"         [_thread_blocked, id=21620, stack(0x000000379d300000,0x000000379d400000) (1024K)]
  0x00000204aedd5330 JavaThread "Build operations Thread 8"         [_thread_blocked, id=31556, stack(0x000000379d400000,0x000000379d500000) (1024K)]
  0x00000204c7dd68d0 JavaThread "Build operations Thread 9"         [_thread_in_Java, id=26396, stack(0x000000379d500000,0x000000379d600000) (1024K)]
  0x00000204c7dd75f0 JavaThread "Build operations Thread 10"        [_thread_blocked, id=31124, stack(0x000000379d600000,0x000000379d700000) (1024K)]
  0x00000204c7dd7c80 JavaThread "Build operations Thread 11"        [_thread_blocked, id=29948, stack(0x000000379d700000,0x000000379d800000) (1024K)]
  0x00000204c7dd6f60 JavaThread "Build operations Thread 12"        [_thread_blocked, id=12876, stack(0x000000379d900000,0x000000379da00000) (1024K)]
Total: 148

Other Threads:
  0x000002045c7b5de0 VMThread "VM Thread"                           [id=27772, stack(0x0000003794100000,0x0000003794200000) (1024K)]
  0x000002045c79b170 WatcherThread "VM Periodic Task Thread"        [id=25116, stack(0x0000003794000000,0x0000003794100000) (1024K)]
  0x000002043c5a3fa0 WorkerThread "GC Thread#0"                     [id=25244, stack(0x0000003793b00000,0x0000003793c00000) (1024K)]
  0x000002045d352550 WorkerThread "GC Thread#1"                     [id=27268, stack(0x0000003794d00000,0x0000003794e00000) (1024K)]
  0x000002045d467450 WorkerThread "GC Thread#2"                     [id=1796, stack(0x0000003794e00000,0x0000003794f00000) (1024K)]
  0x000002045d3f1380 WorkerThread "GC Thread#3"                     [id=28084, stack(0x0000003794f00000,0x0000003795000000) (1024K)]
  0x000002045d3f1730 WorkerThread "GC Thread#4"                     [id=344, stack(0x0000003795000000,0x0000003795100000) (1024K)]
  0x000002045d3f1ae0 WorkerThread "GC Thread#5"                     [id=20556, stack(0x0000003795100000,0x0000003795200000) (1024K)]
  0x00000204a44262c0 WorkerThread "GC Thread#6"                     [id=23748, stack(0x0000003795a00000,0x0000003795b00000) (1024K)]
  0x00000204a4426670 WorkerThread "GC Thread#7"                     [id=24980, stack(0x0000003795b00000,0x0000003795c00000) (1024K)]
  0x00000204a44610b0 WorkerThread "GC Thread#8"                     [id=25656, stack(0x0000003795c00000,0x0000003795d00000) (1024K)]
  0x00000204a4461f70 WorkerThread "GC Thread#9"                     [id=22968, stack(0x0000003795d00000,0x0000003795e00000) (1024K)]
  0x000002043c5b74d0 ConcurrentGCThread "G1 Main Marker"            [id=7588, stack(0x0000003793c00000,0x0000003793d00000) (1024K)]
  0x000002043c5b7ef0 WorkerThread "G1 Conc#0"                       [id=19680, stack(0x0000003793d00000,0x0000003793e00000) (1024K)]
  0x00000204a4462320 WorkerThread "G1 Conc#1"                       [id=8136, stack(0x0000003796300000,0x0000003796400000) (1024K)]
  0x00000204a44626d0 WorkerThread "G1 Conc#2"                       [id=26692, stack(0x0000003796400000,0x0000003796500000) (1024K)]
  0x000002043c5fe350 ConcurrentGCThread "G1 Refine#0"               [id=12708, stack(0x0000003793e00000,0x0000003793f00000) (1024K)]
  0x000002045c66d010 ConcurrentGCThread "G1 Service"                [id=19728, stack(0x0000003793f00000,0x0000003794000000) (1024K)]
Total: 18

Threads with active compile tasks:
C2 CompilerThread0  1637853 44656       4       org.objectweb.asm.ClassReader::accept (1419 bytes)
Total: 1

VM state: not at safepoint (normal execution)

VM Mutex/Monitor currently owned by a thread: None

Heap address: 0x0000000700000000, size: 4096 MB, Compressed Oops mode: Zero based, Oop shift amount: 3

CDS archive(s) mapped at: [0x000002045e000000-0x000002045ece0000-0x000002045ece0000), size 13500416, SharedBaseAddress: 0x000002045e000000, ArchiveRelocationMode: 1.
Compressed class space mapped at: 0x000002045f000000-0x000002049f000000, reserved size: 1073741824
Narrow klass base: 0x000002045e000000, Narrow klass shift: 0, Narrow klass range: 0x100000000

GC Precious Log:
 CardTable entry size: 512
 Card Set container configuration: InlinePtr #cards 4 size 8 Array Of Cards #cards 16 size 48 Howl #buckets 8 coarsen threshold 3686 Howl Bitmap #cards 512 size 80 coarsen threshold 460 Card regions per heap region 1 cards per card region 4096
 CPUs: 12 total, 12 available
 Memory: 16087M
 Large Page Support: Disabled
 NUMA Support: Disabled
 Compressed Oops: Enabled (Zero based)
 Heap Region Size: 2M
 Heap Min Capacity: 8M
 Heap Initial Capacity: 252M
 Heap Max Capacity: 4G
 Pre-touch: Disabled
 Parallel Workers: 10
 Concurrent Workers: 3
 Concurrent Refinement Workers: 10
 Periodic GC: Disabled

Heap:
 garbage-first heap   total 620544K, used 408266K [0x0000000700000000, 0x0000000800000000)
  region size 2048K, 56 young (114688K), 7 survivors (14336K)
 Metaspace       used 283354K, committed 287104K, reserved 1310720K
  class space    used 36588K, committed 38528K, reserved 1048576K

Heap Regions: E=young(eden), S=young(survivor), O=old, HS=humongous(starts), HC=humongous(continues), CS=collection set, F=free, TAMS=top-at-mark-start, PB=parsable bottom
|   0|0x0000000700000000, 0x0000000700200000, 0x0000000700200000|100%|HS|  |TAMS 0x0000000700000000| PB 0x0000000700000000| Complete 
|   1|0x0000000700200000, 0x0000000700400000, 0x0000000700400000|100%|HC|  |TAMS 0x0000000700200000| PB 0x0000000700200000| Complete 
|   2|0x0000000700400000, 0x0000000700600000, 0x0000000700600000|100%| O|  |TAMS 0x0000000700400000| PB 0x0000000700400000| Untracked 
|   3|0x0000000700600000, 0x0000000700800000, 0x0000000700800000|100%| O|  |TAMS 0x0000000700600000| PB 0x0000000700600000| Untracked 
|   4|0x0000000700800000, 0x0000000700a00000, 0x0000000700a00000|100%|HS|  |TAMS 0x0000000700800000| PB 0x0000000700800000| Complete 
|   5|0x0000000700a00000, 0x0000000700c00000, 0x0000000700c00000|100%| O|  |TAMS 0x0000000700a00000| PB 0x0000000700a00000| Untracked 
|   6|0x0000000700c00000, 0x0000000700e00000, 0x0000000700e00000|100%| O|  |TAMS 0x0000000700c00000| PB 0x0000000700c00000| Untracked 
|   7|0x0000000700e00000, 0x0000000701000000, 0x0000000701000000|100%| O|  |TAMS 0x0000000700e00000| PB 0x0000000700e00000| Untracked 
|   8|0x0000000701000000, 0x0000000701200000, 0x0000000701200000|100%| O|  |TAMS 0x0000000701000000| PB 0x0000000701000000| Untracked 
|   9|0x0000000701200000, 0x0000000701400000, 0x0000000701400000|100%| O|  |TAMS 0x0000000701200000| PB 0x0000000701200000| Untracked 
|  10|0x0000000701400000, 0x0000000701600000, 0x0000000701600000|100%| O|  |TAMS 0x0000000701400000| PB 0x0000000701400000| Untracked 
|  11|0x0000000701600000, 0x0000000701800000, 0x0000000701800000|100%| O|  |TAMS 0x0000000701600000| PB 0x0000000701600000| Untracked 
|  12|0x0000000701800000, 0x0000000701a00000, 0x0000000701a00000|100%| O|  |TAMS 0x0000000701800000| PB 0x0000000701800000| Untracked 
|  13|0x0000000701a00000, 0x0000000701c00000, 0x0000000701c00000|100%| O|  |TAMS 0x0000000701a00000| PB 0x0000000701a00000| Untracked 
|  14|0x0000000701c00000, 0x0000000701e00000, 0x0000000701e00000|100%| O|  |TAMS 0x0000000701c00000| PB 0x0000000701c00000| Untracked 
|  15|0x0000000701e00000, 0x0000000702000000, 0x0000000702000000|100%| O|  |TAMS 0x0000000701e00000| PB 0x0000000701e00000| Untracked 
|  16|0x0000000702000000, 0x0000000702200000, 0x0000000702200000|100%|HS|  |TAMS 0x0000000702000000| PB 0x0000000702000000| Complete 
|  17|0x0000000702200000, 0x0000000702400000, 0x0000000702400000|100%| O|  |TAMS 0x0000000702200000| PB 0x0000000702200000| Untracked 
|  18|0x0000000702400000, 0x0000000702600000, 0x0000000702600000|100%| O|  |TAMS 0x0000000702400000| PB 0x0000000702400000| Untracked 
|  19|0x0000000702600000, 0x0000000702800000, 0x0000000702800000|100%| O|  |TAMS 0x0000000702600000| PB 0x0000000702600000| Untracked 
|  20|0x0000000702800000, 0x0000000702a00000, 0x0000000702a00000|100%| O|  |TAMS 0x0000000702800000| PB 0x0000000702800000| Untracked 
|  21|0x0000000702a00000, 0x0000000702c00000, 0x0000000702c00000|100%| O|  |TAMS 0x0000000702a00000| PB 0x0000000702a00000| Untracked 
|  22|0x0000000702c00000, 0x0000000702e00000, 0x0000000702e00000|100%| O|  |TAMS 0x0000000702c00000| PB 0x0000000702c00000| Untracked 
|  23|0x0000000702e00000, 0x0000000703000000, 0x0000000703000000|100%| O|  |TAMS 0x0000000702e00000| PB 0x0000000702e00000| Untracked 
|  24|0x0000000703000000, 0x0000000703200000, 0x0000000703200000|100%| O|  |TAMS 0x0000000703000000| PB 0x0000000703000000| Untracked 
|  25|0x0000000703200000, 0x0000000703400000, 0x0000000703400000|100%| O|  |TAMS 0x0000000703200000| PB 0x0000000703200000| Untracked 
|  26|0x0000000703400000, 0x0000000703600000, 0x0000000703600000|100%| O|  |TAMS 0x0000000703400000| PB 0x0000000703400000| Untracked 
|  27|0x0000000703600000, 0x0000000703800000, 0x0000000703800000|100%| O|  |TAMS 0x0000000703600000| PB 0x0000000703600000| Untracked 
|  28|0x0000000703800000, 0x0000000703a00000, 0x0000000703a00000|100%| O|  |TAMS 0x0000000703800000| PB 0x0000000703800000| Untracked 
|  29|0x0000000703a00000, 0x0000000703c00000, 0x0000000703c00000|100%| O|  |TAMS 0x0000000703a00000| PB 0x0000000703a00000| Untracked 
|  30|0x0000000703c00000, 0x0000000703e00000, 0x0000000703e00000|100%| O|  |TAMS 0x0000000703c00000| PB 0x0000000703c00000| Untracked 
|  31|0x0000000703e00000, 0x0000000704000000, 0x0000000704000000|100%| O|  |TAMS 0x0000000703e00000| PB 0x0000000703e00000| Untracked 
|  32|0x0000000704000000, 0x0000000704200000, 0x0000000704200000|100%| O|  |TAMS 0x0000000704000000| PB 0x0000000704000000| Untracked 
|  33|0x0000000704200000, 0x0000000704400000, 0x0000000704400000|100%| O|  |TAMS 0x0000000704200000| PB 0x0000000704200000| Untracked 
|  34|0x0000000704400000, 0x0000000704600000, 0x0000000704600000|100%| O|  |TAMS 0x0000000704400000| PB 0x0000000704400000| Untracked 
|  35|0x0000000704600000, 0x0000000704800000, 0x0000000704800000|100%| O|  |TAMS 0x0000000704600000| PB 0x0000000704600000| Untracked 
|  36|0x0000000704800000, 0x0000000704a00000, 0x0000000704a00000|100%| O|  |TAMS 0x0000000704800000| PB 0x0000000704800000| Untracked 
|  37|0x0000000704a00000, 0x0000000704c00000, 0x0000000704c00000|100%| O|  |TAMS 0x0000000704a00000| PB 0x0000000704a00000| Untracked 
|  38|0x0000000704c00000, 0x0000000704e00000, 0x0000000704e00000|100%| O|  |TAMS 0x0000000704c00000| PB 0x0000000704c00000| Untracked 
|  39|0x0000000704e00000, 0x0000000705000000, 0x0000000705000000|100%| O|  |TAMS 0x0000000704e00000| PB 0x0000000704e00000| Untracked 
|  40|0x0000000705000000, 0x0000000705200000, 0x0000000705200000|100%| O|  |TAMS 0x0000000705000000| PB 0x0000000705000000| Untracked 
|  41|0x0000000705200000, 0x0000000705400000, 0x0000000705400000|100%| O|  |TAMS 0x0000000705200000| PB 0x0000000705200000| Untracked 
|  42|0x0000000705400000, 0x0000000705600000, 0x0000000705600000|100%| O|  |TAMS 0x0000000705400000| PB 0x0000000705400000| Untracked 
|  43|0x0000000705600000, 0x0000000705800000, 0x0000000705800000|100%| O|  |TAMS 0x0000000705600000| PB 0x0000000705600000| Untracked 
|  44|0x0000000705800000, 0x0000000705a00000, 0x0000000705a00000|100%| O|  |TAMS 0x0000000705800000| PB 0x0000000705800000| Untracked 
|  45|0x0000000705a00000, 0x0000000705c00000, 0x0000000705c00000|100%| O|  |TAMS 0x0000000705a00000| PB 0x0000000705a00000| Untracked 
|  46|0x0000000705c00000, 0x0000000705e00000, 0x0000000705e00000|100%|HS|  |TAMS 0x0000000705c00000| PB 0x0000000705c00000| Complete 
|  47|0x0000000705e00000, 0x0000000706000000, 0x0000000706000000|100%|HC|  |TAMS 0x0000000705e00000| PB 0x0000000705e00000| Complete 
|  48|0x0000000706000000, 0x0000000706200000, 0x0000000706200000|100%| O|  |TAMS 0x0000000706000000| PB 0x0000000706000000| Untracked 
|  49|0x0000000706200000, 0x0000000706400000, 0x0000000706400000|100%| O|  |TAMS 0x0000000706200000| PB 0x0000000706200000| Untracked 
|  50|0x0000000706400000, 0x0000000706600000, 0x0000000706600000|100%| O|  |TAMS 0x0000000706400000| PB 0x0000000706400000| Untracked 
|  51|0x0000000706600000, 0x0000000706800000, 0x0000000706800000|100%|HS|  |TAMS 0x0000000706600000| PB 0x0000000706600000| Complete 
|  52|0x0000000706800000, 0x0000000706a00000, 0x0000000706a00000|100%|HC|  |TAMS 0x0000000706800000| PB 0x0000000706800000| Complete 
|  53|0x0000000706a00000, 0x0000000706c00000, 0x0000000706c00000|100%|HC|  |TAMS 0x0000000706a00000| PB 0x0000000706a00000| Complete 
|  54|0x0000000706c00000, 0x0000000706e00000, 0x0000000706e00000|100%| O|  |TAMS 0x0000000706c00000| PB 0x0000000706c00000| Untracked 
|  55|0x0000000706e00000, 0x0000000707000000, 0x0000000707000000|100%| O|  |TAMS 0x0000000706e00000| PB 0x0000000706e00000| Untracked 
|  56|0x0000000707000000, 0x0000000707200000, 0x0000000707200000|100%| O|  |TAMS 0x0000000707000000| PB 0x0000000707000000| Untracked 
|  57|0x0000000707200000, 0x0000000707400000, 0x0000000707400000|100%| O|  |TAMS 0x0000000707200000| PB 0x0000000707200000| Untracked 
|  58|0x0000000707400000, 0x0000000707600000, 0x0000000707600000|100%| O|  |TAMS 0x0000000707400000| PB 0x0000000707400000| Untracked 
|  59|0x0000000707600000, 0x0000000707800000, 0x0000000707800000|100%| O|  |TAMS 0x0000000707600000| PB 0x0000000707600000| Untracked 
|  60|0x0000000707800000, 0x0000000707a00000, 0x0000000707a00000|100%| O|  |TAMS 0x0000000707800000| PB 0x0000000707800000| Untracked 
|  61|0x0000000707a00000, 0x0000000707a00000, 0x0000000707c00000|  0%| F|  |TAMS 0x0000000707a00000| PB 0x0000000707a00000| Untracked 
|  62|0x0000000707c00000, 0x0000000707e00000, 0x0000000707e00000|100%|HS|  |TAMS 0x0000000707c00000| PB 0x0000000707c00000| Complete 
|  63|0x0000000707e00000, 0x0000000708000000, 0x0000000708000000|100%|HC|  |TAMS 0x0000000707e00000| PB 0x0000000707e00000| Complete 
|  64|0x0000000708000000, 0x0000000708200000, 0x0000000708200000|100%|HC|  |TAMS 0x0000000708000000| PB 0x0000000708000000| Complete 
|  65|0x0000000708200000, 0x0000000708400000, 0x0000000708400000|100%| O|  |TAMS 0x0000000708200000| PB 0x0000000708200000| Untracked 
|  66|0x0000000708400000, 0x0000000708400000, 0x0000000708600000|  0%| F|  |TAMS 0x0000000708400000| PB 0x0000000708400000| Untracked 
|  67|0x0000000708600000, 0x0000000708800000, 0x0000000708800000|100%| O|  |TAMS 0x0000000708600000| PB 0x0000000708600000| Untracked 
|  68|0x0000000708800000, 0x0000000708a00000, 0x0000000708a00000|100%| O|  |TAMS 0x0000000708800000| PB 0x0000000708800000| Untracked 
|  69|0x0000000708a00000, 0x0000000708c00000, 0x0000000708c00000|100%| O|  |TAMS 0x0000000708a00000| PB 0x0000000708a00000| Untracked 
|  70|0x0000000708c00000, 0x0000000708e00000, 0x0000000708e00000|100%| O|  |TAMS 0x0000000708c00000| PB 0x0000000708c00000| Untracked 
|  71|0x0000000708e00000, 0x0000000709000000, 0x0000000709000000|100%| O|  |TAMS 0x0000000708e00000| PB 0x0000000708e00000| Untracked 
|  72|0x0000000709000000, 0x0000000709200000, 0x0000000709200000|100%| O|  |TAMS 0x0000000709000000| PB 0x0000000709000000| Untracked 
|  73|0x0000000709200000, 0x0000000709400000, 0x0000000709400000|100%| O|  |TAMS 0x0000000709200000| PB 0x0000000709200000| Untracked 
|  74|0x0000000709400000, 0x0000000709400000, 0x0000000709600000|  0%| F|  |TAMS 0x0000000709400000| PB 0x0000000709400000| Untracked 
|  75|0x0000000709600000, 0x0000000709800000, 0x0000000709800000|100%| O|  |TAMS 0x0000000709600000| PB 0x0000000709600000| Untracked 
|  76|0x0000000709800000, 0x0000000709a00000, 0x0000000709a00000|100%| O|  |TAMS 0x0000000709800000| PB 0x0000000709800000| Untracked 
|  77|0x0000000709a00000, 0x0000000709c00000, 0x0000000709c00000|100%| O|  |TAMS 0x0000000709a00000| PB 0x0000000709a00000| Untracked 
|  78|0x0000000709c00000, 0x0000000709e00000, 0x0000000709e00000|100%| O|  |TAMS 0x0000000709c00000| PB 0x0000000709c00000| Untracked 
|  79|0x0000000709e00000, 0x000000070a000000, 0x000000070a000000|100%| O|  |TAMS 0x0000000709e00000| PB 0x0000000709e00000| Untracked 
|  80|0x000000070a000000, 0x000000070a200000, 0x000000070a200000|100%| O|  |TAMS 0x000000070a000000| PB 0x000000070a000000| Untracked 
|  81|0x000000070a200000, 0x000000070a400000, 0x000000070a400000|100%| O|  |TAMS 0x000000070a200000| PB 0x000000070a200000| Untracked 
|  82|0x000000070a400000, 0x000000070a600000, 0x000000070a600000|100%| O|  |TAMS 0x000000070a400000| PB 0x000000070a400000| Untracked 
|  83|0x000000070a600000, 0x000000070a800000, 0x000000070a800000|100%| O|  |TAMS 0x000000070a600000| PB 0x000000070a600000| Untracked 
|  84|0x000000070a800000, 0x000000070aa00000, 0x000000070aa00000|100%| O|  |TAMS 0x000000070a800000| PB 0x000000070a800000| Untracked 
|  85|0x000000070aa00000, 0x000000070ac00000, 0x000000070ac00000|100%| O|  |TAMS 0x000000070aa00000| PB 0x000000070aa00000| Untracked 
|  86|0x000000070ac00000, 0x000000070ae00000, 0x000000070ae00000|100%| O|  |TAMS 0x000000070ac00000| PB 0x000000070ac00000| Untracked 
|  87|0x000000070ae00000, 0x000000070b000000, 0x000000070b000000|100%| O|  |TAMS 0x000000070ae00000| PB 0x000000070ae00000| Untracked 
|  88|0x000000070b000000, 0x000000070b000000, 0x000000070b200000|  0%| F|  |TAMS 0x000000070b000000| PB 0x000000070b000000| Untracked 
|  89|0x000000070b200000, 0x000000070b400000, 0x000000070b400000|100%| O|  |TAMS 0x000000070b200000| PB 0x000000070b200000| Untracked 
|  90|0x000000070b400000, 0x000000070b600000, 0x000000070b600000|100%| O|  |TAMS 0x000000070b400000| PB 0x000000070b400000| Untracked 
|  91|0x000000070b600000, 0x000000070b800000, 0x000000070b800000|100%| O|  |TAMS 0x000000070b600000| PB 0x000000070b600000| Untracked 
|  92|0x000000070b800000, 0x000000070ba00000, 0x000000070ba00000|100%| O|  |TAMS 0x000000070b800000| PB 0x000000070b800000| Untracked 
|  93|0x000000070ba00000, 0x000000070ba00000, 0x000000070bc00000|  0%| F|  |TAMS 0x000000070ba00000| PB 0x000000070ba00000| Untracked 
|  94|0x000000070bc00000, 0x000000070be00000, 0x000000070be00000|100%| O|  |TAMS 0x000000070bc00000| PB 0x000000070bc00000| Untracked 
|  95|0x000000070be00000, 0x000000070be00000, 0x000000070c000000|  0%| F|  |TAMS 0x000000070be00000| PB 0x000000070be00000| Untracked 
|  96|0x000000070c000000, 0x000000070c200000, 0x000000070c200000|100%| O|  |TAMS 0x000000070c000000| PB 0x000000070c000000| Untracked 
|  97|0x000000070c200000, 0x000000070c400000, 0x000000070c400000|100%| O|  |TAMS 0x000000070c200000| PB 0x000000070c200000| Untracked 
|  98|0x000000070c400000, 0x000000070c600000, 0x000000070c600000|100%| O|  |TAMS 0x000000070c400000| PB 0x000000070c400000| Untracked 
|  99|0x000000070c600000, 0x000000070c800000, 0x000000070c800000|100%| O|  |TAMS 0x000000070c600000| PB 0x000000070c600000| Untracked 
| 100|0x000000070c800000, 0x000000070ca00000, 0x000000070ca00000|100%| O|  |TAMS 0x000000070c800000| PB 0x000000070c800000| Untracked 
| 101|0x000000070ca00000, 0x000000070ca00000, 0x000000070cc00000|  0%| F|  |TAMS 0x000000070ca00000| PB 0x000000070ca00000| Untracked 
| 102|0x000000070cc00000, 0x000000070ce00000, 0x000000070ce00000|100%| O|  |TAMS 0x000000070cc00000| PB 0x000000070cc00000| Untracked 
| 103|0x000000070ce00000, 0x000000070ce00000, 0x000000070d000000|  0%| F|  |TAMS 0x000000070ce00000| PB 0x000000070ce00000| Untracked 
| 104|0x000000070d000000, 0x000000070d200000, 0x000000070d200000|100%| O|  |TAMS 0x000000070d000000| PB 0x000000070d000000| Untracked 
| 105|0x000000070d200000, 0x000000070d400000, 0x000000070d400000|100%| O|  |TAMS 0x000000070d200000| PB 0x000000070d200000| Untracked 
| 106|0x000000070d400000, 0x000000070d600000, 0x000000070d600000|100%| O|  |TAMS 0x000000070d400000| PB 0x000000070d400000| Untracked 
| 107|0x000000070d600000, 0x000000070d600000, 0x000000070d800000|  0%| F|  |TAMS 0x000000070d600000| PB 0x000000070d600000| Untracked 
| 108|0x000000070d800000, 0x000000070da00000, 0x000000070da00000|100%| O|  |TAMS 0x000000070d800000| PB 0x000000070d800000| Untracked 
| 109|0x000000070da00000, 0x000000070dc00000, 0x000000070dc00000|100%| O|  |TAMS 0x000000070da00000| PB 0x000000070da00000| Untracked 
| 110|0x000000070dc00000, 0x000000070de00000, 0x000000070de00000|100%| O|  |TAMS 0x000000070dc00000| PB 0x000000070dc00000| Untracked 
| 111|0x000000070de00000, 0x000000070e000000, 0x000000070e000000|100%| O|  |TAMS 0x000000070de00000| PB 0x000000070de00000| Untracked 
| 112|0x000000070e000000, 0x000000070e200000, 0x000000070e200000|100%| O|  |TAMS 0x000000070e000000| PB 0x000000070e000000| Untracked 
| 113|0x000000070e200000, 0x000000070e200000, 0x000000070e400000|  0%| F|  |TAMS 0x000000070e200000| PB 0x000000070e200000| Untracked 
| 114|0x000000070e400000, 0x000000070e600000, 0x000000070e600000|100%| O|  |TAMS 0x000000070e400000| PB 0x000000070e400000| Untracked 
| 115|0x000000070e600000, 0x000000070e600000, 0x000000070e800000|  0%| F|  |TAMS 0x000000070e600000| PB 0x000000070e600000| Untracked 
| 116|0x000000070e800000, 0x000000070ea00000, 0x000000070ea00000|100%| O|  |TAMS 0x000000070e800000| PB 0x000000070e800000| Untracked 
| 117|0x000000070ea00000, 0x000000070ea00000, 0x000000070ec00000|  0%| F|  |TAMS 0x000000070ea00000| PB 0x000000070ea00000| Untracked 
| 118|0x000000070ec00000, 0x000000070ec00000, 0x000000070ee00000|  0%| F|  |TAMS 0x000000070ec00000| PB 0x000000070ec00000| Untracked 
| 119|0x000000070ee00000, 0x000000070f000000, 0x000000070f000000|100%| O|  |TAMS 0x000000070ee00000| PB 0x000000070ee00000| Untracked 
| 120|0x000000070f000000, 0x000000070f000000, 0x000000070f200000|  0%| F|  |TAMS 0x000000070f000000| PB 0x000000070f000000| Untracked 
| 121|0x000000070f200000, 0x000000070f200000, 0x000000070f400000|  0%| F|  |TAMS 0x000000070f200000| PB 0x000000070f200000| Untracked 
| 122|0x000000070f400000, 0x000000070f400000, 0x000000070f600000|  0%| F|  |TAMS 0x000000070f400000| PB 0x000000070f400000| Untracked 
| 123|0x000000070f600000, 0x000000070f800000, 0x000000070f800000|100%| O|  |TAMS 0x000000070f600000| PB 0x000000070f600000| Untracked 
| 124|0x000000070f800000, 0x000000070fa00000, 0x000000070fa00000|100%| O|  |TAMS 0x000000070f800000| PB 0x000000070f800000| Untracked 
| 125|0x000000070fa00000, 0x000000070fa00000, 0x000000070fc00000|  0%| F|  |TAMS 0x000000070fa00000| PB 0x000000070fa00000| Untracked 
| 126|0x000000070fc00000, 0x000000070fc00000, 0x000000070fe00000|  0%| F|  |TAMS 0x000000070fc00000| PB 0x000000070fc00000| Untracked 
| 127|0x000000070fe00000, 0x000000070fe00000, 0x0000000710000000|  0%| F|  |TAMS 0x000000070fe00000| PB 0x000000070fe00000| Untracked 
| 128|0x0000000710000000, 0x0000000710200000, 0x0000000710200000|100%| O|  |TAMS 0x0000000710000000| PB 0x0000000710000000| Untracked 
| 129|0x0000000710200000, 0x0000000710400000, 0x0000000710400000|100%| O|  |TAMS 0x0000000710200000| PB 0x0000000710200000| Untracked 
| 130|0x0000000710400000, 0x0000000710600000, 0x0000000710600000|100%| O|  |TAMS 0x0000000710400000| PB 0x0000000710400000| Untracked 
| 131|0x0000000710600000, 0x0000000710800000, 0x0000000710800000|100%| O|  |TAMS 0x0000000710600000| PB 0x0000000710600000| Untracked 
| 132|0x0000000710800000, 0x0000000710a00000, 0x0000000710a00000|100%| O|  |TAMS 0x0000000710800000| PB 0x0000000710800000| Untracked 
| 133|0x0000000710a00000, 0x0000000710c00000, 0x0000000710c00000|100%| O|  |TAMS 0x0000000710a00000| PB 0x0000000710a00000| Untracked 
| 134|0x0000000710c00000, 0x0000000710c00000, 0x0000000710e00000|  0%| F|  |TAMS 0x0000000710c00000| PB 0x0000000710c00000| Untracked 
| 135|0x0000000710e00000, 0x0000000711000000, 0x0000000711000000|100%| O|  |TAMS 0x0000000710e00000| PB 0x0000000710e00000| Untracked 
| 136|0x0000000711000000, 0x0000000711200000, 0x0000000711200000|100%| O|  |TAMS 0x0000000711000000| PB 0x0000000711000000| Untracked 
| 137|0x0000000711200000, 0x0000000711400000, 0x0000000711400000|100%| O|  |TAMS 0x0000000711200000| PB 0x0000000711200000| Untracked 
| 138|0x0000000711400000, 0x0000000711600000, 0x0000000711600000|100%| O|  |TAMS 0x0000000711400000| PB 0x0000000711400000| Untracked 
| 139|0x0000000711600000, 0x0000000711800000, 0x0000000711800000|100%| O|  |TAMS 0x0000000711600000| PB 0x0000000711600000| Untracked 
| 140|0x0000000711800000, 0x0000000711a00000, 0x0000000711a00000|100%| O|  |TAMS 0x0000000711800000| PB 0x0000000711800000| Untracked 
| 141|0x0000000711a00000, 0x0000000711c00000, 0x0000000711c00000|100%| O|  |TAMS 0x0000000711a00000| PB 0x0000000711a00000| Untracked 
| 142|0x0000000711c00000, 0x0000000711e00000, 0x0000000711e00000|100%| O|  |TAMS 0x0000000711c00000| PB 0x0000000711c00000| Untracked 
| 143|0x0000000711e00000, 0x0000000712000000, 0x0000000712000000|100%| O|  |TAMS 0x0000000711e00000| PB 0x0000000711e00000| Untracked 
| 144|0x0000000712000000, 0x0000000712200000, 0x0000000712200000|100%| O|  |TAMS 0x0000000712000000| PB 0x0000000712000000| Untracked 
| 145|0x0000000712200000, 0x0000000712400000, 0x0000000712400000|100%| O|  |TAMS 0x0000000712200000| PB 0x0000000712200000| Untracked 
| 146|0x0000000712400000, 0x0000000712600000, 0x0000000712600000|100%| O|  |TAMS 0x0000000712400000| PB 0x0000000712400000| Untracked 
| 147|0x0000000712600000, 0x0000000712800000, 0x0000000712800000|100%| O|  |TAMS 0x0000000712600000| PB 0x0000000712600000| Untracked 
| 148|0x0000000712800000, 0x0000000712a00000, 0x0000000712a00000|100%| O|  |TAMS 0x0000000712800000| PB 0x0000000712800000| Untracked 
| 149|0x0000000712a00000, 0x0000000712c00000, 0x0000000712c00000|100%| O|  |TAMS 0x0000000712a00000| PB 0x0000000712a00000| Untracked 
| 150|0x0000000712c00000, 0x0000000712e00000, 0x0000000712e00000|100%| O|  |TAMS 0x0000000712c00000| PB 0x0000000712c00000| Untracked 
| 151|0x0000000712e00000, 0x0000000713000000, 0x0000000713000000|100%| O|  |TAMS 0x0000000712e00000| PB 0x0000000712e00000| Untracked 
| 152|0x0000000713000000, 0x0000000713200000, 0x0000000713200000|100%| O|  |TAMS 0x0000000713000000| PB 0x0000000713000000| Untracked 
| 153|0x0000000713200000, 0x0000000713400000, 0x0000000713400000|100%| O|  |TAMS 0x0000000713200000| PB 0x0000000713200000| Untracked 
| 154|0x0000000713400000, 0x0000000713600000, 0x0000000713600000|100%| O|  |TAMS 0x0000000713400000| PB 0x0000000713400000| Untracked 
| 155|0x0000000713600000, 0x0000000713800000, 0x0000000713800000|100%| O|  |TAMS 0x0000000713600000| PB 0x0000000713600000| Untracked 
| 156|0x0000000713800000, 0x0000000713a00000, 0x0000000713a00000|100%| O|  |TAMS 0x0000000713800000| PB 0x0000000713800000| Untracked 
| 157|0x0000000713a00000, 0x0000000713c00000, 0x0000000713c00000|100%| O|  |TAMS 0x0000000713a00000| PB 0x0000000713a00000| Untracked 
| 158|0x0000000713c00000, 0x0000000713e00000, 0x0000000713e00000|100%| O|  |TAMS 0x0000000713c00000| PB 0x0000000713c00000| Untracked 
| 159|0x0000000713e00000, 0x0000000714000000, 0x0000000714000000|100%| O|  |TAMS 0x0000000713e00000| PB 0x0000000713e00000| Untracked 
| 160|0x0000000714000000, 0x0000000714200000, 0x0000000714200000|100%| O|  |TAMS 0x0000000714000000| PB 0x0000000714000000| Untracked 
| 161|0x0000000714200000, 0x0000000714400000, 0x0000000714400000|100%| O|  |TAMS 0x0000000714200000| PB 0x0000000714200000| Untracked 
| 162|0x0000000714400000, 0x0000000714600000, 0x0000000714600000|100%| S|CS|TAMS 0x0000000714400000| PB 0x0000000714400000| Complete 
| 163|0x0000000714600000, 0x0000000714800000, 0x0000000714800000|100%| S|CS|TAMS 0x0000000714600000| PB 0x0000000714600000| Complete 
| 164|0x0000000714800000, 0x0000000714a00000, 0x0000000714a00000|100%| S|CS|TAMS 0x0000000714800000| PB 0x0000000714800000| Complete 
| 165|0x0000000714a00000, 0x0000000714c00000, 0x0000000714c00000|100%| S|CS|TAMS 0x0000000714a00000| PB 0x0000000714a00000| Complete 
| 166|0x0000000714c00000, 0x0000000714c00000, 0x0000000714e00000|  0%| F|  |TAMS 0x0000000714c00000| PB 0x0000000714c00000| Untracked 
| 167|0x0000000714e00000, 0x0000000714e00000, 0x0000000715000000|  0%| F|  |TAMS 0x0000000714e00000| PB 0x0000000714e00000| Untracked 
| 168|0x0000000715000000, 0x0000000715000000, 0x0000000715200000|  0%| F|  |TAMS 0x0000000715000000| PB 0x0000000715000000| Untracked 
| 169|0x0000000715200000, 0x0000000715200000, 0x0000000715400000|  0%| F|  |TAMS 0x0000000715200000| PB 0x0000000715200000| Untracked 
| 170|0x0000000715400000, 0x0000000715400000, 0x0000000715600000|  0%| F|  |TAMS 0x0000000715400000| PB 0x0000000715400000| Untracked 
| 171|0x0000000715600000, 0x0000000715600000, 0x0000000715800000|  0%| F|  |TAMS 0x0000000715600000| PB 0x0000000715600000| Untracked 
| 172|0x0000000715800000, 0x0000000715800000, 0x0000000715a00000|  0%| F|  |TAMS 0x0000000715800000| PB 0x0000000715800000| Untracked 
| 173|0x0000000715a00000, 0x0000000715a00000, 0x0000000715c00000|  0%| F|  |TAMS 0x0000000715a00000| PB 0x0000000715a00000| Untracked 
| 174|0x0000000715c00000, 0x0000000715c00000, 0x0000000715e00000|  0%| F|  |TAMS 0x0000000715c00000| PB 0x0000000715c00000| Untracked 
| 175|0x0000000715e00000, 0x0000000715e00000, 0x0000000716000000|  0%| F|  |TAMS 0x0000000715e00000| PB 0x0000000715e00000| Untracked 
| 176|0x0000000716000000, 0x0000000716000000, 0x0000000716200000|  0%| F|  |TAMS 0x0000000716000000| PB 0x0000000716000000| Untracked 
| 177|0x0000000716200000, 0x0000000716200000, 0x0000000716400000|  0%| F|  |TAMS 0x0000000716200000| PB 0x0000000716200000| Untracked 
| 178|0x0000000716400000, 0x0000000716400000, 0x0000000716600000|  0%| F|  |TAMS 0x0000000716400000| PB 0x0000000716400000| Untracked 
| 179|0x0000000716600000, 0x0000000716600000, 0x0000000716800000|  0%| F|  |TAMS 0x0000000716600000| PB 0x0000000716600000| Untracked 
| 180|0x0000000716800000, 0x0000000716800000, 0x0000000716a00000|  0%| F|  |TAMS 0x0000000716800000| PB 0x0000000716800000| Untracked 
| 181|0x0000000716a00000, 0x0000000716a00000, 0x0000000716c00000|  0%| F|  |TAMS 0x0000000716a00000| PB 0x0000000716a00000| Untracked 
| 182|0x0000000716c00000, 0x0000000716c00000, 0x0000000716e00000|  0%| F|  |TAMS 0x0000000716c00000| PB 0x0000000716c00000| Untracked 
| 183|0x0000000716e00000, 0x0000000716e00000, 0x0000000717000000|  0%| F|  |TAMS 0x0000000716e00000| PB 0x0000000716e00000| Untracked 
| 184|0x0000000717000000, 0x0000000717000000, 0x0000000717200000|  0%| F|  |TAMS 0x0000000717000000| PB 0x0000000717000000| Untracked 
| 185|0x0000000717200000, 0x0000000717200000, 0x0000000717400000|  0%| F|  |TAMS 0x0000000717200000| PB 0x0000000717200000| Untracked 
| 186|0x0000000717400000, 0x0000000717400000, 0x0000000717600000|  0%| F|  |TAMS 0x0000000717400000| PB 0x0000000717400000| Untracked 
| 187|0x0000000717600000, 0x0000000717600000, 0x0000000717800000|  0%| F|  |TAMS 0x0000000717600000| PB 0x0000000717600000| Untracked 
| 188|0x0000000717800000, 0x0000000717800000, 0x0000000717a00000|  0%| F|  |TAMS 0x0000000717800000| PB 0x0000000717800000| Untracked 
| 189|0x0000000717a00000, 0x0000000717a00000, 0x0000000717c00000|  0%| F|  |TAMS 0x0000000717a00000| PB 0x0000000717a00000| Untracked 
| 190|0x0000000717c00000, 0x0000000717c00000, 0x0000000717e00000|  0%| F|  |TAMS 0x0000000717c00000| PB 0x0000000717c00000| Untracked 
| 191|0x0000000717e00000, 0x0000000717e00000, 0x0000000718000000|  0%| F|  |TAMS 0x0000000717e00000| PB 0x0000000717e00000| Untracked 
| 192|0x0000000718000000, 0x0000000718000000, 0x0000000718200000|  0%| F|  |TAMS 0x0000000718000000| PB 0x0000000718000000| Untracked 
| 193|0x0000000718200000, 0x0000000718200000, 0x0000000718400000|  0%| F|  |TAMS 0x0000000718200000| PB 0x0000000718200000| Untracked 
| 194|0x0000000718400000, 0x0000000718400000, 0x0000000718600000|  0%| F|  |TAMS 0x0000000718400000| PB 0x0000000718400000| Untracked 
| 195|0x0000000718600000, 0x0000000718600000, 0x0000000718800000|  0%| F|  |TAMS 0x0000000718600000| PB 0x0000000718600000| Untracked 
| 196|0x0000000718800000, 0x0000000718800000, 0x0000000718a00000|  0%| F|  |TAMS 0x0000000718800000| PB 0x0000000718800000| Untracked 
| 197|0x0000000718a00000, 0x0000000718a00000, 0x0000000718c00000|  0%| F|  |TAMS 0x0000000718a00000| PB 0x0000000718a00000| Untracked 
| 198|0x0000000718c00000, 0x0000000718c00000, 0x0000000718e00000|  0%| F|  |TAMS 0x0000000718c00000| PB 0x0000000718c00000| Untracked 
| 199|0x0000000718e00000, 0x0000000718e00000, 0x0000000719000000|  0%| F|  |TAMS 0x0000000718e00000| PB 0x0000000718e00000| Untracked 
| 200|0x0000000719000000, 0x0000000719000000, 0x0000000719200000|  0%| F|  |TAMS 0x0000000719000000| PB 0x0000000719000000| Untracked 
| 201|0x0000000719200000, 0x0000000719200000, 0x0000000719400000|  0%| F|  |TAMS 0x0000000719200000| PB 0x0000000719200000| Untracked 
| 202|0x0000000719400000, 0x0000000719400000, 0x0000000719600000|  0%| F|  |TAMS 0x0000000719400000| PB 0x0000000719400000| Untracked 
| 203|0x0000000719600000, 0x0000000719600000, 0x0000000719800000|  0%| F|  |TAMS 0x0000000719600000| PB 0x0000000719600000| Untracked 
| 204|0x0000000719800000, 0x0000000719800000, 0x0000000719a00000|  0%| F|  |TAMS 0x0000000719800000| PB 0x0000000719800000| Untracked 
| 205|0x0000000719a00000, 0x0000000719a00000, 0x0000000719c00000|  0%| F|  |TAMS 0x0000000719a00000| PB 0x0000000719a00000| Untracked 
| 206|0x0000000719c00000, 0x0000000719c00000, 0x0000000719e00000|  0%| F|  |TAMS 0x0000000719c00000| PB 0x0000000719c00000| Untracked 
| 207|0x0000000719e00000, 0x0000000719e00000, 0x000000071a000000|  0%| F|  |TAMS 0x0000000719e00000| PB 0x0000000719e00000| Untracked 
| 208|0x000000071a000000, 0x000000071a000000, 0x000000071a200000|  0%| F|  |TAMS 0x000000071a000000| PB 0x000000071a000000| Untracked 
| 209|0x000000071a200000, 0x000000071a200000, 0x000000071a400000|  0%| F|  |TAMS 0x000000071a200000| PB 0x000000071a200000| Untracked 
| 210|0x000000071a400000, 0x000000071a400000, 0x000000071a600000|  0%| F|  |TAMS 0x000000071a400000| PB 0x000000071a400000| Untracked 
| 211|0x000000071a600000, 0x000000071a600000, 0x000000071a800000|  0%| F|  |TAMS 0x000000071a600000| PB 0x000000071a600000| Untracked 
| 212|0x000000071a800000, 0x000000071a800000, 0x000000071aa00000|  0%| F|  |TAMS 0x000000071a800000| PB 0x000000071a800000| Untracked 
| 213|0x000000071aa00000, 0x000000071aa00000, 0x000000071ac00000|  0%| F|  |TAMS 0x000000071aa00000| PB 0x000000071aa00000| Untracked 
| 214|0x000000071ac00000, 0x000000071ac00000, 0x000000071ae00000|  0%| F|  |TAMS 0x000000071ac00000| PB 0x000000071ac00000| Untracked 
| 215|0x000000071ae00000, 0x000000071ae00000, 0x000000071b000000|  0%| F|  |TAMS 0x000000071ae00000| PB 0x000000071ae00000| Untracked 
| 216|0x000000071b000000, 0x000000071b000000, 0x000000071b200000|  0%| F|  |TAMS 0x000000071b000000| PB 0x000000071b000000| Untracked 
| 217|0x000000071b200000, 0x000000071b200000, 0x000000071b400000|  0%| F|  |TAMS 0x000000071b200000| PB 0x000000071b200000| Untracked 
| 218|0x000000071b400000, 0x000000071b400000, 0x000000071b600000|  0%| F|  |TAMS 0x000000071b400000| PB 0x000000071b400000| Untracked 
| 219|0x000000071b600000, 0x000000071b600000, 0x000000071b800000|  0%| F|  |TAMS 0x000000071b600000| PB 0x000000071b600000| Untracked 
| 220|0x000000071b800000, 0x000000071b800000, 0x000000071ba00000|  0%| F|  |TAMS 0x000000071b800000| PB 0x000000071b800000| Untracked 
| 221|0x000000071ba00000, 0x000000071ba00000, 0x000000071bc00000|  0%| F|  |TAMS 0x000000071ba00000| PB 0x000000071ba00000| Untracked 
| 222|0x000000071bc00000, 0x000000071bc00000, 0x000000071be00000|  0%| F|  |TAMS 0x000000071bc00000| PB 0x000000071bc00000| Untracked 
| 223|0x000000071be00000, 0x000000071be00000, 0x000000071c000000|  0%| F|  |TAMS 0x000000071be00000| PB 0x000000071be00000| Untracked 
| 224|0x000000071c000000, 0x000000071c000000, 0x000000071c200000|  0%| F|  |TAMS 0x000000071c000000| PB 0x000000071c000000| Untracked 
| 225|0x000000071c200000, 0x000000071c200000, 0x000000071c400000|  0%| F|  |TAMS 0x000000071c200000| PB 0x000000071c200000| Untracked 
| 226|0x000000071c400000, 0x000000071c400000, 0x000000071c600000|  0%| F|  |TAMS 0x000000071c400000| PB 0x000000071c400000| Untracked 
| 227|0x000000071c600000, 0x000000071c600000, 0x000000071c800000|  0%| F|  |TAMS 0x000000071c600000| PB 0x000000071c600000| Untracked 
| 228|0x000000071c800000, 0x000000071c800000, 0x000000071ca00000|  0%| F|  |TAMS 0x000000071c800000| PB 0x000000071c800000| Untracked 
| 229|0x000000071ca00000, 0x000000071ca00000, 0x000000071cc00000|  0%| F|  |TAMS 0x000000071ca00000| PB 0x000000071ca00000| Untracked 
| 230|0x000000071cc00000, 0x000000071cc00000, 0x000000071ce00000|  0%| F|  |TAMS 0x000000071cc00000| PB 0x000000071cc00000| Untracked 
| 231|0x000000071ce00000, 0x000000071ce00000, 0x000000071d000000|  0%| F|  |TAMS 0x000000071ce00000| PB 0x000000071ce00000| Untracked 
| 232|0x000000071d000000, 0x000000071d000000, 0x000000071d200000|  0%| F|  |TAMS 0x000000071d000000| PB 0x000000071d000000| Untracked 
| 233|0x000000071d200000, 0x000000071d200000, 0x000000071d400000|  0%| F|  |TAMS 0x000000071d200000| PB 0x000000071d200000| Untracked 
| 234|0x000000071d400000, 0x000000071d400000, 0x000000071d600000|  0%| F|  |TAMS 0x000000071d400000| PB 0x000000071d400000| Untracked 
| 235|0x000000071d600000, 0x000000071d600000, 0x000000071d800000|  0%| F|  |TAMS 0x000000071d600000| PB 0x000000071d600000| Untracked 
| 236|0x000000071d800000, 0x000000071d800000, 0x000000071da00000|  0%| F|  |TAMS 0x000000071d800000| PB 0x000000071d800000| Untracked 
| 237|0x000000071da00000, 0x000000071da00000, 0x000000071dc00000|  0%| F|  |TAMS 0x000000071da00000| PB 0x000000071da00000| Untracked 
| 238|0x000000071dc00000, 0x000000071dc00000, 0x000000071de00000|  0%| F|  |TAMS 0x000000071dc00000| PB 0x000000071dc00000| Untracked 
| 239|0x000000071de00000, 0x000000071de00000, 0x000000071e000000|  0%| F|  |TAMS 0x000000071de00000| PB 0x000000071de00000| Untracked 
| 240|0x000000071e000000, 0x000000071e000000, 0x000000071e200000|  0%| F|  |TAMS 0x000000071e000000| PB 0x000000071e000000| Untracked 
| 241|0x000000071e200000, 0x000000071e200000, 0x000000071e400000|  0%| F|  |TAMS 0x000000071e200000| PB 0x000000071e200000| Untracked 
| 242|0x000000071e400000, 0x000000071e400000, 0x000000071e600000|  0%| F|  |TAMS 0x000000071e400000| PB 0x000000071e400000| Untracked 
| 243|0x000000071e600000, 0x000000071e600000, 0x000000071e800000|  0%| F|  |TAMS 0x000000071e600000| PB 0x000000071e600000| Untracked 
| 244|0x000000071e800000, 0x000000071e800000, 0x000000071ea00000|  0%| F|  |TAMS 0x000000071e800000| PB 0x000000071e800000| Untracked 
| 245|0x000000071ea00000, 0x000000071ea00000, 0x000000071ec00000|  0%| F|  |TAMS 0x000000071ea00000| PB 0x000000071ea00000| Untracked 
| 246|0x000000071ec00000, 0x000000071ecb0790, 0x000000071ee00000| 34%| E|  |TAMS 0x000000071ec00000| PB 0x000000071ec00000| Complete 
| 247|0x000000071ee00000, 0x000000071f000000, 0x000000071f000000|100%| E|CS|TAMS 0x000000071ee00000| PB 0x000000071ee00000| Complete 
| 248|0x000000071f000000, 0x000000071f200000, 0x000000071f200000|100%| E|CS|TAMS 0x000000071f000000| PB 0x000000071f000000| Complete 
| 249|0x000000071f200000, 0x000000071f400000, 0x000000071f400000|100%| E|CS|TAMS 0x000000071f200000| PB 0x000000071f200000| Complete 
| 250|0x000000071f400000, 0x000000071f600000, 0x000000071f600000|100%| E|CS|TAMS 0x000000071f400000| PB 0x000000071f400000| Complete 
| 251|0x000000071f600000, 0x000000071f800000, 0x000000071f800000|100%| E|CS|TAMS 0x000000071f600000| PB 0x000000071f600000| Complete 
| 252|0x000000071f800000, 0x000000071fa00000, 0x000000071fa00000|100%| E|CS|TAMS 0x000000071f800000| PB 0x000000071f800000| Complete 
| 253|0x000000071fa00000, 0x000000071fc00000, 0x000000071fc00000|100%| E|CS|TAMS 0x000000071fa00000| PB 0x000000071fa00000| Complete 
| 254|0x000000071fc00000, 0x000000071fe00000, 0x000000071fe00000|100%| E|CS|TAMS 0x000000071fc00000| PB 0x000000071fc00000| Complete 
| 255|0x000000071fe00000, 0x0000000720000000, 0x0000000720000000|100%| E|CS|TAMS 0x000000071fe00000| PB 0x000000071fe00000| Complete 
| 256|0x0000000720000000, 0x0000000720200000, 0x0000000720200000|100%| E|CS|TAMS 0x0000000720000000| PB 0x0000000720000000| Complete 
| 257|0x0000000720200000, 0x0000000720400000, 0x0000000720400000|100%| E|CS|TAMS 0x0000000720200000| PB 0x0000000720200000| Complete 
| 258|0x0000000720400000, 0x0000000720600000, 0x0000000720600000|100%| E|CS|TAMS 0x0000000720400000| PB 0x0000000720400000| Complete 
| 259|0x0000000720600000, 0x0000000720800000, 0x0000000720800000|100%| E|CS|TAMS 0x0000000720600000| PB 0x0000000720600000| Complete 
| 260|0x0000000720800000, 0x0000000720a00000, 0x0000000720a00000|100%| E|CS|TAMS 0x0000000720800000| PB 0x0000000720800000| Complete 
| 261|0x0000000720a00000, 0x0000000720c00000, 0x0000000720c00000|100%| E|CS|TAMS 0x0000000720a00000| PB 0x0000000720a00000| Complete 
| 262|0x0000000720c00000, 0x0000000720e00000, 0x0000000720e00000|100%| E|CS|TAMS 0x0000000720c00000| PB 0x0000000720c00000| Complete 
| 263|0x0000000720e00000, 0x0000000721000000, 0x0000000721000000|100%| E|CS|TAMS 0x0000000720e00000| PB 0x0000000720e00000| Complete 
| 264|0x0000000721000000, 0x0000000721200000, 0x0000000721200000|100%| E|CS|TAMS 0x0000000721000000| PB 0x0000000721000000| Complete 
| 265|0x0000000721200000, 0x0000000721400000, 0x0000000721400000|100%| E|CS|TAMS 0x0000000721200000| PB 0x0000000721200000| Complete 
| 266|0x0000000721400000, 0x0000000721600000, 0x0000000721600000|100%| E|CS|TAMS 0x0000000721400000| PB 0x0000000721400000| Complete 
| 267|0x0000000721600000, 0x0000000721800000, 0x0000000721800000|100%| E|CS|TAMS 0x0000000721600000| PB 0x0000000721600000| Complete 
| 268|0x0000000721800000, 0x0000000721a00000, 0x0000000721a00000|100%| E|CS|TAMS 0x0000000721800000| PB 0x0000000721800000| Complete 
| 269|0x0000000721a00000, 0x0000000721c00000, 0x0000000721c00000|100%| E|CS|TAMS 0x0000000721a00000| PB 0x0000000721a00000| Complete 
| 270|0x0000000721c00000, 0x0000000721e00000, 0x0000000721e00000|100%| S|CS|TAMS 0x0000000721c00000| PB 0x0000000721c00000| Complete 
| 271|0x0000000721e00000, 0x0000000722000000, 0x0000000722000000|100%| S|CS|TAMS 0x0000000721e00000| PB 0x0000000721e00000| Complete 
| 272|0x0000000722000000, 0x00000007220b2930, 0x0000000722200000| 34%| S|CS|TAMS 0x0000000722000000| PB 0x0000000722000000| Complete 
|2018|0x00000007fc400000, 0x00000007fc600000, 0x00000007fc600000|100%| O|  |TAMS 0x00000007fc400000| PB 0x00000007fc400000| Untracked 
|2019|0x00000007fc600000, 0x00000007fc800000, 0x00000007fc800000|100%| O|  |TAMS 0x00000007fc600000| PB 0x00000007fc600000| Untracked 
|2020|0x00000007fc800000, 0x00000007fca00000, 0x00000007fca00000|100%| E|CS|TAMS 0x00000007fc800000| PB 0x00000007fc800000| Complete 
|2021|0x00000007fca00000, 0x00000007fcc00000, 0x00000007fcc00000|100%| E|  |TAMS 0x00000007fca00000| PB 0x00000007fca00000| Complete 
|2022|0x00000007fcc00000, 0x00000007fce00000, 0x00000007fce00000|100%| E|CS|TAMS 0x00000007fcc00000| PB 0x00000007fcc00000| Complete 
|2023|0x00000007fce00000, 0x00000007fd000000, 0x00000007fd000000|100%| E|CS|TAMS 0x00000007fce00000| PB 0x00000007fce00000| Complete 
|2024|0x00000007fd000000, 0x00000007fd200000, 0x00000007fd200000|100%| E|CS|TAMS 0x00000007fd000000| PB 0x00000007fd000000| Complete 
|2025|0x00000007fd200000, 0x00000007fd400000, 0x00000007fd400000|100%| E|CS|TAMS 0x00000007fd200000| PB 0x00000007fd200000| Complete 
|2026|0x00000007fd400000, 0x00000007fd600000, 0x00000007fd600000|100%| E|CS|TAMS 0x00000007fd400000| PB 0x00000007fd400000| Complete 
|2027|0x00000007fd600000, 0x00000007fd800000, 0x00000007fd800000|100%| E|CS|TAMS 0x00000007fd600000| PB 0x00000007fd600000| Complete 
|2028|0x00000007fd800000, 0x00000007fda00000, 0x00000007fda00000|100%| E|CS|TAMS 0x00000007fd800000| PB 0x00000007fd800000| Complete 
|2029|0x00000007fda00000, 0x00000007fdc00000, 0x00000007fdc00000|100%| E|CS|TAMS 0x00000007fda00000| PB 0x00000007fda00000| Complete 
|2030|0x00000007fdc00000, 0x00000007fde00000, 0x00000007fde00000|100%| E|CS|TAMS 0x00000007fdc00000| PB 0x00000007fdc00000| Complete 
|2031|0x00000007fde00000, 0x00000007fe000000, 0x00000007fe000000|100%| E|CS|TAMS 0x00000007fde00000| PB 0x00000007fde00000| Complete 
|2032|0x00000007fe000000, 0x00000007fe200000, 0x00000007fe200000|100%| E|CS|TAMS 0x00000007fe000000| PB 0x00000007fe000000| Complete 
|2033|0x00000007fe200000, 0x00000007fe400000, 0x00000007fe400000|100%| E|CS|TAMS 0x00000007fe200000| PB 0x00000007fe200000| Complete 
|2034|0x00000007fe400000, 0x00000007fe600000, 0x00000007fe600000|100%| E|CS|TAMS 0x00000007fe400000| PB 0x00000007fe400000| Complete 
|2035|0x00000007fe600000, 0x00000007fe800000, 0x00000007fe800000|100%| E|CS|TAMS 0x00000007fe600000| PB 0x00000007fe600000| Complete 
|2036|0x00000007fe800000, 0x00000007fea00000, 0x00000007fea00000|100%| E|CS|TAMS 0x00000007fe800000| PB 0x00000007fe800000| Complete 
|2037|0x00000007fea00000, 0x00000007fec00000, 0x00000007fec00000|100%| E|CS|TAMS 0x00000007fea00000| PB 0x00000007fea00000| Complete 
|2038|0x00000007fec00000, 0x00000007fee00000, 0x00000007fee00000|100%| E|CS|TAMS 0x00000007fec00000| PB 0x00000007fec00000| Complete 
|2039|0x00000007fee00000, 0x00000007ff000000, 0x00000007ff000000|100%| E|CS|TAMS 0x00000007fee00000| PB 0x00000007fee00000| Complete 
|2040|0x00000007ff000000, 0x00000007ff200000, 0x00000007ff200000|100%| E|CS|TAMS 0x00000007ff000000| PB 0x00000007ff000000| Complete 
|2041|0x00000007ff200000, 0x00000007ff400000, 0x00000007ff400000|100%| E|CS|TAMS 0x00000007ff200000| PB 0x00000007ff200000| Complete 
|2042|0x00000007ff400000, 0x00000007ff600000, 0x00000007ff600000|100%| O|  |TAMS 0x00000007ff400000| PB 0x00000007ff400000| Untracked 
|2043|0x00000007ff600000, 0x00000007ff800000, 0x00000007ff800000|100%| E|CS|TAMS 0x00000007ff600000| PB 0x00000007ff600000| Complete 
|2044|0x00000007ff800000, 0x00000007ffa00000, 0x00000007ffa00000|100%| E|CS|TAMS 0x00000007ff800000| PB 0x00000007ff800000| Complete 
|2045|0x00000007ffa00000, 0x00000007ffc00000, 0x00000007ffc00000|100%| O|  |TAMS 0x00000007ffa00000| PB 0x00000007ffa00000| Untracked 
|2046|0x00000007ffc00000, 0x00000007ffe00000, 0x00000007ffe00000|100%| E|CS|TAMS 0x00000007ffc00000| PB 0x00000007ffc00000| Complete 
|2047|0x00000007ffe00000, 0x0000000800000000, 0x0000000800000000|100%| E|CS|TAMS 0x00000007ffe00000| PB 0x00000007ffe00000| Complete 

Card table byte_map: [0x0000020455bd0000,0x00000204563d0000] _byte_map_base: 0x00000204523d0000

Marking Bits: (CMBitMap*) 0x000002043c5a45c0
 Bits: [0x00000204563d0000, 0x000002045a3d0000)

Polling page: 0x000002043a390000

Metaspace:

Usage:
  Non-class:    240.98 MB used.
      Class:     35.73 MB used.
       Both:    276.71 MB used.

Virtual space:
  Non-class space:      256.00 MB reserved,     242.75 MB ( 95%) committed,  4 nodes.
      Class space:        1.00 GB reserved,      37.62 MB (  4%) committed,  1 nodes.
             Both:        1.25 GB reserved,     280.38 MB ( 22%) committed. 

Chunk freelists:
   Non-Class:  12.62 MB
       Class:  10.39 MB
        Both:  23.02 MB

MaxMetaspaceSize: unlimited
CompressedClassSpaceSize: 1.00 GB
Initial GC threshold: 21.00 MB
Current GC threshold: 454.62 MB
CDS: on
 - commit_granule_bytes: 65536.
 - commit_granule_words: 8192.
 - virtual_space_node_default_size: 8388608.
 - enlarge_chunks_in_place: 1.
 - use_allocation_guard: 0.


Internal statistics:

num_allocs_failed_limit: 9.
num_arena_births: 7544.
num_arena_deaths: 208.
num_vsnodes_births: 5.
num_vsnodes_deaths: 0.
num_space_committed: 4484.
num_space_uncommitted: 0.
num_chunks_returned_to_freelist: 324.
num_chunks_taken_from_freelist: 20987.
num_chunk_merges: 58.
num_chunk_splits: 13796.
num_chunks_enlarged: 8931.
num_inconsistent_stats: 0.

CodeHeap 'non-profiled nmethods': size=120000Kb used=18251Kb max_used=21770Kb free=101748Kb
 bounds [0x000002044d950000, 0x000002044eea0000, 0x0000020454e80000]
CodeHeap 'profiled nmethods': size=120000Kb used=38769Kb max_used=54442Kb free=81230Kb
 bounds [0x0000020445e80000, 0x00000204493b0000, 0x000002044d3b0000]
CodeHeap 'non-nmethods': size=5760Kb used=2586Kb max_used=2646Kb free=3173Kb
 bounds [0x000002044d3b0000, 0x000002044d650000, 0x000002044d950000]
CodeCache: size=245760Kb, used=59606Kb, max_used=78858Kb, free=186151Kb
 total_blobs=20967, nmethods=19607, adapters=1262, full_count=0
Compilation: enabled, stopped_count=0, restarted_count=0

Compilation events (20 events):
Event: 1636.831 Thread 0x000002045c7e1b80 nmethod 44365 0x000002044e6c5790 code [0x000002044e6c5920, 0x000002044e6c59a8]
Event: 1636.831 Thread 0x000002045c7e1b80 43501       4       jdk.internal.misc.CDS::isDumpingArchive (4 bytes)
Event: 1636.831 Thread 0x000002045c7e1b80 nmethod 43501 0x000002044e721310 code [0x000002044e721480, 0x000002044e7214e8]
Event: 1636.832 Thread 0x000002045c7e1b80 42608       4       java.util.Collections$2::characteristics (33 bytes)
Event: 1636.832 Thread 0x000002045c7e1b80 nmethod 42608 0x000002044e757110 code [0x000002044e7572a0, 0x000002044e757348]
Event: 1636.832 Thread 0x000002045c7e1b80 42630       4       org.gradle.execution.plan.ValuedVfsHierarchy::visitValuesRelatedTo (40 bytes)
Event: 1636.838 Thread 0x000002045c7e1b80 nmethod 42630 0x000002044df27990 code [0x000002044df27b60, 0x000002044df27e70]
Event: 1636.838 Thread 0x000002045c7e1b80 42611       4       org.gradle.api.internal.artifacts.transform.TransformingAsyncArtifactListener$TransformedArtifact::startFinalization (15 bytes)
Event: 1636.928 Thread 0x000002045c7e2620 44650       2       sun.util.calendar.BaseCalendar::getDayOfYear (26 bytes)
Event: 1636.929 Thread 0x000002045c7e2620 nmethod 44650 0x00000204480a9c10 code [0x00000204480a9dc0, 0x00000204480a9ff0]
Event: 1637.059 Thread 0x000002045c7e1b80 nmethod 42611 0x000002044e007e10 code [0x000002044e0083c0, 0x000002044e00b3e0]
Event: 1637.059 Thread 0x000002045c7e1b80 44649       4       org.gradle.internal.serialize.HierarchicalNameSerializer::writeName (88 bytes)
Event: 1637.422 Thread 0x000002045c7e2620 44655       3       org.gradle.api.internal.tasks.compile.incremental.asm.ClassDependenciesVisitor$MethodVisitor::tryHandleSpecialBootstrapMethod (101 bytes)
Event: 1637.423 Thread 0x000002045c7e2620 nmethod 44655 0x0000020446f20610 code [0x0000020446f208a0, 0x0000020446f21238]
Event: 1637.492 Thread 0x000002045c7e1b80 nmethod 44649 0x000002044e87bf90 code [0x000002044e87c7a0, 0x000002044e8846c0]
Event: 1637.493 Thread 0x000002045c7e1b80 44656       4       org.objectweb.asm.ClassReader::accept (1419 bytes)
Event: 1637.590 Thread 0x000002045c7e2620 44657   !   3       java.util.zip.Inflater::getRemaining (40 bytes)
Event: 1637.591 Thread 0x000002045c7e2620 nmethod 44657 0x00000204472fe990 code [0x00000204472feb40, 0x00000204472fee50]
Event: 1637.606 Thread 0x000002045c7e2620 44658       3       org.apache.commons.compress.archivers.zip.InflaterInputStreamWithStatistics::fill (22 bytes)
Event: 1637.607 Thread 0x000002045c7e2620 nmethod 44658 0x0000020448722390 code [0x0000020448722540, 0x00000204487226f8]

GC Heap History (20 events):
Event: 1625.078 GC heap before
{Heap before GC invocations=80 (full 0):
 garbage-first heap   total 595968K, used 538361K [0x0000000700000000, 0x0000000800000000)
  region size 2048K, 116 young (237568K), 8 survivors (16384K)
 Metaspace       used 273669K, committed 277376K, reserved 1310720K
  class space    used 35418K, committed 37312K, reserved 1048576K
}
Event: 1625.090 GC heap after
{Heap after GC invocations=81 (full 0):
 garbage-first heap   total 595968K, used 327383K [0x0000000700000000, 0x0000000800000000)
  region size 2048K, 12 young (24576K), 12 survivors (24576K)
 Metaspace       used 273669K, committed 277376K, reserved 1310720K
  class space    used 35418K, committed 37312K, reserved 1048576K
}
Event: 1626.198 GC heap before
{Heap before GC invocations=82 (full 0):
 garbage-first heap   total 595968K, used 548567K [0x0000000700000000, 0x0000000800000000)
  region size 2048K, 120 young (245760K), 12 survivors (24576K)
 Metaspace       used 273679K, committed 277376K, reserved 1310720K
  class space    used 35418K, committed 37312K, reserved 1048576K
}
Event: 1626.209 GC heap after
{Heap after GC invocations=83 (full 0):
 garbage-first heap   total 595968K, used 329532K [0x0000000700000000, 0x0000000800000000)
  region size 2048K, 7 young (14336K), 7 survivors (14336K)
 Metaspace       used 273679K, committed 277376K, reserved 1310720K
  class space    used 35418K, committed 37312K, reserved 1048576K
}
Event: 1626.648 GC heap before
{Heap before GC invocations=83 (full 0):
 garbage-first heap   total 595968K, used 558908K [0x0000000700000000, 0x0000000800000000)
  region size 2048K, 117 young (239616K), 7 survivors (14336K)
 Metaspace       used 273679K, committed 277376K, reserved 1310720K
  class space    used 35418K, committed 37312K, reserved 1048576K
}
Event: 1626.665 GC heap after
{Heap after GC invocations=84 (full 0):
 garbage-first heap   total 604160K, used 297749K [0x0000000700000000, 0x0000000800000000)
  region size 2048K, 11 young (22528K), 11 survivors (22528K)
 Metaspace       used 273679K, committed 277376K, reserved 1310720K
  class space    used 35418K, committed 37312K, reserved 1048576K
}
Event: 1627.102 GC heap before
{Heap before GC invocations=84 (full 0):
 garbage-first heap   total 604160K, used 557845K [0x0000000700000000, 0x0000000800000000)
  region size 2048K, 138 young (282624K), 11 survivors (22528K)
 Metaspace       used 273683K, committed 277376K, reserved 1310720K
  class space    used 35418K, committed 37312K, reserved 1048576K
}
Event: 1627.121 GC heap after
{Heap after GC invocations=85 (full 0):
 garbage-first heap   total 604160K, used 304324K [0x0000000700000000, 0x0000000800000000)
  region size 2048K, 12 young (24576K), 12 survivors (24576K)
 Metaspace       used 273683K, committed 277376K, reserved 1310720K
  class space    used 35418K, committed 37312K, reserved 1048576K
}
Event: 1627.453 GC heap before
{Heap before GC invocations=85 (full 0):
 garbage-first heap   total 604160K, used 562372K [0x0000000700000000, 0x0000000800000000)
  region size 2048K, 138 young (282624K), 12 survivors (24576K)
 Metaspace       used 273789K, committed 277504K, reserved 1310720K
  class space    used 35430K, committed 37312K, reserved 1048576K
}
Event: 1627.467 GC heap after
{Heap after GC invocations=86 (full 0):
 garbage-first heap   total 604160K, used 311708K [0x0000000700000000, 0x0000000800000000)
  region size 2048K, 9 young (18432K), 9 survivors (18432K)
 Metaspace       used 273789K, committed 277504K, reserved 1310720K
  class space    used 35430K, committed 37312K, reserved 1048576K
}
Event: 1627.869 GC heap before
{Heap before GC invocations=87 (full 0):
 garbage-first heap   total 604160K, used 567708K [0x0000000700000000, 0x0000000800000000)
  region size 2048K, 134 young (274432K), 9 survivors (18432K)
 Metaspace       used 273796K, committed 277504K, reserved 1310720K
  class space    used 35430K, committed 37312K, reserved 1048576K
}
Event: 1627.872 GC heap after
{Heap after GC invocations=88 (full 0):
 garbage-first heap   total 604160K, used 299198K [0x0000000700000000, 0x0000000800000000)
  region size 2048K, 4 young (8192K), 4 survivors (8192K)
 Metaspace       used 273796K, committed 277504K, reserved 1310720K
  class space    used 35430K, committed 37312K, reserved 1048576K
}
Event: 1628.785 GC heap before
{Heap before GC invocations=88 (full 0):
 garbage-first heap   total 604160K, used 569534K [0x0000000700000000, 0x0000000800000000)
  region size 2048K, 136 young (278528K), 4 survivors (8192K)
 Metaspace       used 273813K, committed 277504K, reserved 1310720K
  class space    used 35430K, committed 37312K, reserved 1048576K
}
Event: 1628.793 GC heap after
{Heap after GC invocations=89 (full 0):
 garbage-first heap   total 604160K, used 291861K [0x0000000700000000, 0x0000000800000000)
  region size 2048K, 3 young (6144K), 3 survivors (6144K)
 Metaspace       used 273813K, committed 277504K, reserved 1310720K
  class space    used 35430K, committed 37312K, reserved 1048576K
}
Event: 1629.394 GC heap before
{Heap before GC invocations=89 (full 0):
 garbage-first heap   total 604160K, used 334869K [0x0000000700000000, 0x0000000800000000)
  region size 2048K, 25 young (51200K), 3 survivors (6144K)
 Metaspace       used 275560K, committed 279296K, reserved 1310720K
  class space    used 35665K, committed 37568K, reserved 1048576K
}
Event: 1629.400 GC heap after
{Heap after GC invocations=90 (full 0):
 garbage-first heap   total 604160K, used 291982K [0x0000000700000000, 0x0000000800000000)
  region size 2048K, 4 young (8192K), 4 survivors (8192K)
 Metaspace       used 275560K, committed 279296K, reserved 1310720K
  class space    used 35665K, committed 37568K, reserved 1048576K
}
Event: 1631.286 GC heap before
{Heap before GC invocations=91 (full 0):
 garbage-first heap   total 604160K, used 578702K [0x0000000700000000, 0x0000000800000000)
  region size 2048K, 139 young (284672K), 4 survivors (8192K)
 Metaspace       used 283348K, committed 287104K, reserved 1310720K
  class space    used 36588K, committed 38528K, reserved 1048576K
}
Event: 1631.302 GC heap after
{Heap after GC invocations=92 (full 0):
 garbage-first heap   total 610304K, used 314479K [0x0000000700000000, 0x0000000800000000)
  region size 2048K, 13 young (26624K), 13 survivors (26624K)
 Metaspace       used 283348K, committed 287104K, reserved 1310720K
  class space    used 36588K, committed 38528K, reserved 1048576K
}
Event: 1636.070 GC heap before
{Heap before GC invocations=92 (full 0):
 garbage-first heap   total 610304K, used 572527K [0x0000000700000000, 0x0000000800000000)
  region size 2048K, 140 young (286720K), 13 survivors (26624K)
 Metaspace       used 283354K, committed 287104K, reserved 1310720K
  class space    used 36588K, committed 38528K, reserved 1048576K
}
Event: 1636.123 GC heap after
{Heap after GC invocations=93 (full 0):
 garbage-first heap   total 620544K, used 312010K [0x0000000700000000, 0x0000000800000000)
  region size 2048K, 7 young (14336K), 7 survivors (14336K)
 Metaspace       used 283354K, committed 287104K, reserved 1310720K
  class space    used 36588K, committed 38528K, reserved 1048576K
}

Dll operation events (16 events):
Event: 0.018 Loaded shared library C:\Users\ACER\.gradle\jdks\azul_systems__inc_-21-amd64-windows.2\bin\java.dll
Event: 0.056 Loaded shared library C:\Users\ACER\.gradle\jdks\azul_systems__inc_-21-amd64-windows.2\bin\jsvml.dll
Event: 0.107 Loaded shared library C:\Users\ACER\.gradle\jdks\azul_systems__inc_-21-amd64-windows.2\bin\zip.dll
Event: 0.112 Loaded shared library C:\Users\ACER\.gradle\jdks\azul_systems__inc_-21-amd64-windows.2\bin\instrument.dll
Event: 0.117 Loaded shared library C:\Users\ACER\.gradle\jdks\azul_systems__inc_-21-amd64-windows.2\bin\net.dll
Event: 0.118 Loaded shared library C:\Users\ACER\.gradle\jdks\azul_systems__inc_-21-amd64-windows.2\bin\nio.dll
Event: 0.121 Loaded shared library C:\Users\ACER\.gradle\jdks\azul_systems__inc_-21-amd64-windows.2\bin\zip.dll
Event: 0.383 Loaded shared library C:\Users\ACER\.gradle\jdks\azul_systems__inc_-21-amd64-windows.2\bin\jimage.dll
Event: 0.624 Loaded shared library C:\Users\ACER\.gradle\jdks\azul_systems__inc_-21-amd64-windows.2\bin\verify.dll
Event: 0.657 Loaded shared library C:\Users\ACER\.gradle\native\1def1411415f61bf3af743bc5b6707747c0891f09f0c88961ee8f79bc544acac\windows-amd64\native-platform.dll
Event: 0.669 Loaded shared library C:\Users\ACER\.gradle\native\0.2.8\x86_64-windows-gnu\gradle-fileevents.dll
Event: 1.706 Loaded shared library C:\Users\ACER\.gradle\jdks\azul_systems__inc_-21-amd64-windows.2\bin\management.dll
Event: 1.708 Loaded shared library C:\Users\ACER\.gradle\jdks\azul_systems__inc_-21-amd64-windows.2\bin\management_ext.dll
Event: 1.836 Loaded shared library C:\Users\ACER\.gradle\jdks\azul_systems__inc_-21-amd64-windows.2\bin\extnet.dll
Event: 2.251 Loaded shared library C:\Users\ACER\.gradle\jdks\azul_systems__inc_-21-amd64-windows.2\bin\sunmscapi.dll
Event: 38.682 Loaded shared library C:\Users\ACER\.gradle\jdks\azul_systems__inc_-21-amd64-windows.2\bin\rmi.dll

Deoptimization events (20 events):
Event: 1634.045 Thread 0x00000204c667b990 DEOPT PACKING pc=0x00000204478cd786 sp=0x000000379bbfdac0
Event: 1634.045 Thread 0x00000204c667b990 DEOPT UNPACKING pc=0x000002044d404bc2 sp=0x000000379bbfd1d0 mode 0
Event: 1634.888 Thread 0x00000204c7dd6f60 DEOPT PACKING pc=0x000002044663d9c2 sp=0x000000379d9fdf50
Event: 1634.888 Thread 0x00000204c7dd6f60 DEOPT UNPACKING pc=0x000002044d404bc2 sp=0x000000379d9fd408 mode 0
Event: 1635.210 Thread 0x00000204c7dd75f0 Uncommon trap: trap_request=0xffffff76 fr.pc=0x000002044de9b85c relative=0x00000000000078fc
Event: 1635.210 Thread 0x00000204c7dd75f0 Uncommon trap: reason=predicate action=maybe_recompile pc=0x000002044de9b85c method=org.objectweb.asm.ClassReader.readField(Lorg/objectweb/asm/ClassVisitor;Lorg/objectweb/asm/Context;I)I @ 501 c2
Event: 1635.210 Thread 0x00000204c7dd75f0 DEOPT PACKING pc=0x000002044de9b85c sp=0x000000379d6fd980
Event: 1635.210 Thread 0x00000204c7dd75f0 DEOPT UNPACKING pc=0x000002044d404422 sp=0x000000379d6fd948 mode 2
Event: 1636.249 Thread 0x00000204af8e3290 Uncommon trap: trap_request=0xffffff45 fr.pc=0x000002044dd1a7dc relative=0x000000000000057c
Event: 1636.249 Thread 0x00000204af8e3290 Uncommon trap: reason=unstable_if action=reinterpret pc=0x000002044dd1a7dc method=sun.util.calendar.BaseCalendar.getCalendarDateFromFixedDate(Lsun/util/calendar/CalendarDate;J)V @ 130 c2
Event: 1636.249 Thread 0x00000204af8e3290 DEOPT PACKING pc=0x000002044dd1a7dc sp=0x000000379aafdb80
Event: 1636.249 Thread 0x00000204af8e3290 DEOPT UNPACKING pc=0x000002044d404422 sp=0x000000379aafdab0 mode 2
Event: 1636.249 Thread 0x00000204af8e3290 Uncommon trap: trap_request=0xffffff45 fr.pc=0x000002044e9fd4d8 relative=0x0000000000000138
Event: 1636.249 Thread 0x00000204af8e3290 Uncommon trap: reason=unstable_if action=reinterpret pc=0x000002044e9fd4d8 method=java.util.GregorianCalendar.getWeekNumber(JJ)I @ 48 c2
Event: 1636.249 Thread 0x00000204af8e3290 DEOPT PACKING pc=0x000002044e9fd4d8 sp=0x000000379aafdb80
Event: 1636.249 Thread 0x00000204af8e3290 DEOPT UNPACKING pc=0x000002044d404422 sp=0x000000379aafdaf0 mode 2
Event: 1636.639 Thread 0x00000204b200a5a0 Uncommon trap: trap_request=0xffffff6e fr.pc=0x000002044e48c804 relative=0x00000000000011c4
Event: 1636.639 Thread 0x00000204b200a5a0 Uncommon trap: reason=loop_limit_check action=maybe_recompile pc=0x000002044e48c804 method=com.google.common.base.CharMatcher.lastIndexIn(Ljava/lang/CharSequence;)I @ 10 c2
Event: 1636.639 Thread 0x00000204b200a5a0 DEOPT PACKING pc=0x000002044e48c804 sp=0x000000379c9fe280
Event: 1636.639 Thread 0x00000204b200a5a0 DEOPT UNPACKING pc=0x000002044d404422 sp=0x000000379c9fe198 mode 2

Classes loaded (20 events):
Event: 1630.151 Loading class sun/nio/fs/WindowsFileStore
Event: 1630.152 Loading class sun/nio/fs/WindowsFileStore done
Event: 1630.155 Loading class java/nio/file/attribute/PosixFileAttributeView
Event: 1630.155 Loading class java/nio/file/attribute/PosixFileAttributeView done
Event: 1630.186 Loading class java/util/regex/PatternSyntaxException
Event: 1630.187 Loading class java/util/regex/PatternSyntaxException done
Event: 1630.190 Loading class java/nio/file/DirectoryIteratorException
Event: 1630.190 Loading class java/nio/file/DirectoryIteratorException done
Event: 1630.584 Loading class java/text/BreakIterator
Event: 1630.585 Loading class java/text/BreakIterator done
Event: 1630.600 Loading class java/util/regex/Pattern$Pos
Event: 1630.600 Loading class java/util/regex/Pattern$Pos done
Event: 1630.625 Loading class java/util/EnumMap$Values
Event: 1630.626 Loading class java/util/EnumMap$Values done
Event: 1630.626 Loading class java/util/EnumMap$ValueIterator
Event: 1630.626 Loading class java/util/EnumMap$ValueIterator done
Event: 1630.632 Loading class java/util/WeakHashMap$KeyIterator
Event: 1630.633 Loading class java/util/WeakHashMap$HashIterator
Event: 1630.633 Loading class java/util/WeakHashMap$HashIterator done
Event: 1630.633 Loading class java/util/WeakHashMap$KeyIterator done

Classes unloaded (20 events):
Event: 110.852 Thread 0x000002045c7b5de0 Unloading class 0x000002045feb5400 'java/lang/invoke/LambdaForm$DMH+0x000002045feb5400'
Event: 110.852 Thread 0x000002045c7b5de0 Unloading class 0x000002045feb5000 'java/lang/invoke/LambdaForm$DMH+0x000002045feb5000'
Event: 110.852 Thread 0x000002045c7b5de0 Unloading class 0x000002045feb4c00 'java/lang/invoke/LambdaForm$DMH+0x000002045feb4c00'
Event: 110.852 Thread 0x000002045c7b5de0 Unloading class 0x000002045feb4800 'java/lang/invoke/LambdaForm$DMH+0x000002045feb4800'
Event: 110.852 Thread 0x000002045c7b5de0 Unloading class 0x000002045feb4400 'java/lang/invoke/LambdaForm$DMH+0x000002045feb4400'
Event: 110.852 Thread 0x000002045c7b5de0 Unloading class 0x000002045fe45400 'java/lang/invoke/LambdaForm$DMH+0x000002045fe45400'
Event: 110.852 Thread 0x000002045c7b5de0 Unloading class 0x000002045fe45000 'java/lang/invoke/LambdaForm$DMH+0x000002045fe45000'
Event: 110.852 Thread 0x000002045c7b5de0 Unloading class 0x000002045fe44800 'java/lang/invoke/LambdaForm$DMH+0x000002045fe44800'
Event: 110.852 Thread 0x000002045c7b5de0 Unloading class 0x000002045fe44400 'java/lang/invoke/LambdaForm$DMH+0x000002045fe44400'
Event: 110.852 Thread 0x000002045c7b5de0 Unloading class 0x000002045fe44c00 'java/lang/invoke/LambdaForm$DMH+0x000002045fe44c00'
Event: 110.852 Thread 0x000002045c7b5de0 Unloading class 0x000002045fe3d400 'java/lang/invoke/LambdaForm$DMH+0x000002045fe3d400'
Event: 110.852 Thread 0x000002045c7b5de0 Unloading class 0x000002045fe3d000 'java/lang/invoke/LambdaForm$DMH+0x000002045fe3d000'
Event: 110.852 Thread 0x000002045c7b5de0 Unloading class 0x000002045fe3c800 'java/lang/invoke/LambdaForm$DMH+0x000002045fe3c800'
Event: 110.852 Thread 0x000002045c7b5de0 Unloading class 0x000002045fe3cc00 'java/lang/invoke/LambdaForm$DMH+0x000002045fe3cc00'
Event: 110.852 Thread 0x000002045c7b5de0 Unloading class 0x000002045fe3c400 'java/lang/invoke/LambdaForm$DMH+0x000002045fe3c400'
Event: 110.852 Thread 0x000002045c7b5de0 Unloading class 0x000002045fd9ac00 'jdk/internal/reflect/GeneratedSerializationConstructorAccessor461'
Event: 110.852 Thread 0x000002045c7b5de0 Unloading class 0x000002045fd9a800 'jdk/internal/reflect/GeneratedSerializationConstructorAccessor462'
Event: 110.852 Thread 0x000002045c7b5de0 Unloading class 0x000002045fd99c00 'jdk/internal/reflect/GeneratedSerializationConstructorAccessor458'
Event: 110.852 Thread 0x000002045c7b5de0 Unloading class 0x000002045fd9a000 'jdk/internal/reflect/GeneratedSerializationConstructorAccessor459'
Event: 110.852 Thread 0x000002045c7b5de0 Unloading class 0x000002045fd99800 'jdk/internal/reflect/GeneratedSerializationConstructorAccessor457'

Classes redefined (0 events):
No events

Internal exceptions (20 events):
Event: 1590.827 Thread 0x00000204af93f7b0 Exception <a 'sun/nio/fs/WindowsException'{0x00000007176e51b0}> (0x00000007176e51b0) 
thrown [s\src\hotspot\share\prims\jni.cpp, line 520]
Event: 1624.106 Thread 0x00000204b1b51d70 Exception <a 'sun/nio/fs/WindowsException'{0x00000007166986c8}> (0x00000007166986c8) 
thrown [s\src\hotspot\share\prims\jni.cpp, line 520]
Event: 1624.106 Thread 0x00000204b1b51d70 Exception <a 'sun/nio/fs/WindowsException'{0x000000071669a508}> (0x000000071669a508) 
thrown [s\src\hotspot\share\prims\jni.cpp, line 520]
Event: 1624.107 Thread 0x00000204b1b51d70 Exception <a 'sun/nio/fs/WindowsException'{0x00000007166ad160}> (0x00000007166ad160) 
thrown [s\src\hotspot\share\prims\jni.cpp, line 520]
Event: 1624.109 Thread 0x00000204b1b51d70 Exception <a 'java/lang/NoSuchMethodError'{0x00000007166ebf00}: static Ljava/lang/Object;.<clinit>()V> (0x00000007166ebf00) 
thrown [s\src\hotspot\share\prims\jni.cpp, line 1111]
Event: 1624.201 Thread 0x00000204b1b51d70 Implicit null exception at 0x000002044e15ff48 to 0x000002044e1603a0
Event: 1624.202 Thread 0x00000204b1b51d70 Implicit null exception at 0x000002044e211133 to 0x000002044e212204
Event: 1624.202 Thread 0x00000204b1b51d70 Implicit null exception at 0x000002044e22de41 to 0x000002044e22e160
Event: 1624.202 Thread 0x00000204b1b51d70 Implicit null exception at 0x000002044e953903 to 0x000002044e9544b0
Event: 1624.202 Thread 0x00000204b1b51d70 Implicit null exception at 0x000002044e363013 to 0x000002044e3630a0
Event: 1625.204 Thread 0x00000204b1b51d70 Implicit null exception at 0x000002044e9531de to 0x000002044e95322e
Event: 1629.704 Thread 0x00000204b1b51d70 Exception <a 'java/lang/NoSuchMethodError'{0x00000007ff851938}: 'java.lang.Object java.lang.invoke.DirectMethodHandle$Holder.newInvokeSpecial(java.lang.Object, java.lang.Object, java.lang.Object, java.lang.Object, int, int)'> (0x00000007ff851938) 
thrown [s\src\hotspot\share\interpreter\linkResolver.cpp, line 773]
Event: 1629.704 Thread 0x00000204b1b51d70 Exception <a 'java/lang/NoSuchMethodError'{0x00000007ff8562a8}: 'java.lang.Object java.lang.invoke.DirectMethodHandle$Holder.invokeSpecial(java.lang.Object, java.lang.Object, java.lang.Object, java.lang.Object, java.lang.Object, int, int)'> (0x00000007ff8562a8) 
thrown [s\src\hotspot\share\interpreter\linkResolver.cpp, line 773]
Event: 1630.093 Thread 0x00000204b1b51d70 Exception <a 'sun/nio/fs/WindowsException'{0x00000007fec83f78}> (0x00000007fec83f78) 
thrown [s\src\hotspot\share\prims\jni.cpp, line 520]
Event: 1630.533 Thread 0x00000204b1b51d70 Exception <a 'java/lang/NoSuchMethodError'{0x0000000720cbed38}: 'java.lang.Object java.lang.invoke.DirectMethodHandle$Holder.invokeVirtual(java.lang.Object, java.lang.Object, java.lang.Object, int, int)'> (0x0000000720cbed38) 
thrown [s\src\hotspot\share\interpreter\linkResolver.cpp, line 773]
Event: 1630.616 Thread 0x00000204b1b51d70 Exception <a 'sun/nio/fs/WindowsException'{0x0000000720ab04d8}> (0x0000000720ab04d8) 
thrown [s\src\hotspot\share\prims\jni.cpp, line 520]
Event: 1630.616 Thread 0x00000204b1b51d70 Exception <a 'sun/nio/fs/WindowsException'{0x0000000720ab1788}> (0x0000000720ab1788) 
thrown [s\src\hotspot\share\prims\jni.cpp, line 520]
Event: 1630.617 Thread 0x00000204b1b51d70 Exception <a 'sun/nio/fs/WindowsException'{0x0000000720ab28d8}> (0x0000000720ab28d8) 
thrown [s\src\hotspot\share\prims\jni.cpp, line 520]
Event: 1630.617 Thread 0x00000204b1b51d70 Exception <a 'sun/nio/fs/WindowsException'{0x0000000720ab3b60}> (0x0000000720ab3b60) 
thrown [s\src\hotspot\share\prims\jni.cpp, line 520]
Event: 1630.617 Thread 0x00000204b1b51d70 Exception <a 'sun/nio/fs/WindowsException'{0x0000000720ab4dd0}> (0x0000000720ab4dd0) 
thrown [s\src\hotspot\share\prims\jni.cpp, line 520]

ZGC Phase Switch (0 events):
No events

VM Operations (20 events):
Event: 1630.193 Executing non-safepoint VM operation: HandshakeAllThreads (Deoptimize)
Event: 1630.193 Executing non-safepoint VM operation: HandshakeAllThreads (Deoptimize) done
Event: 1630.784 Executing non-safepoint VM operation: HandshakeAllThreads (Deoptimize)
Event: 1630.785 Executing non-safepoint VM operation: HandshakeAllThreads (Deoptimize) done
Event: 1630.785 Executing safepoint VM operation: Cleanup
Event: 1630.785 Executing safepoint VM operation: Cleanup done
Event: 1631.149 Executing non-safepoint VM operation: HandshakeAllThreads (Deoptimize)
Event: 1631.149 Executing non-safepoint VM operation: HandshakeAllThreads (Deoptimize) done
Event: 1631.286 Executing safepoint VM operation: G1CollectForAllocation (G1 Evacuation Pause)
Event: 1631.302 Executing safepoint VM operation: G1CollectForAllocation (G1 Evacuation Pause) done
Event: 1632.308 Executing safepoint VM operation: Cleanup
Event: 1632.339 Executing safepoint VM operation: Cleanup done
Event: 1634.350 Executing safepoint VM operation: Cleanup
Event: 1634.367 Executing safepoint VM operation: Cleanup done
Event: 1635.376 Executing safepoint VM operation: Cleanup
Event: 1635.392 Executing safepoint VM operation: Cleanup done
Event: 1636.069 Executing safepoint VM operation: G1CollectForAllocation (G1 Evacuation Pause)
Event: 1636.123 Executing safepoint VM operation: G1CollectForAllocation (G1 Evacuation Pause) done
Event: 1637.134 Executing safepoint VM operation: Cleanup
Event: 1637.135 Executing safepoint VM operation: Cleanup done

Memory protections (0 events):
No events

Nmethod flushes (20 events):
Event: 1629.589 Thread 0x000002045c7b5de0 flushing  nmethod 0x00000204493a9010
Event: 1629.589 Thread 0x000002045c7b5de0 flushing  nmethod 0x00000204493a9590
Event: 1629.589 Thread 0x000002045c7b5de0 flushing  nmethod 0x000002044e953010
Event: 1629.589 Thread 0x000002045c7b5de0 flushing  nmethod 0x000002044ee67090
Event: 1629.589 Thread 0x000002045c7b5de0 flushing  nmethod 0x000002044629bc10
Event: 1629.589 Thread 0x000002045c7b5de0 flushing  nmethod 0x00000204472fd390
Event: 1629.589 Thread 0x000002045c7b5de0 flushing  nmethod 0x00000204478c6110
Event: 1629.589 Thread 0x000002045c7b5de0 flushing  nmethod 0x000002044938b590
Event: 1629.589 Thread 0x000002045c7b5de0 flushing  nmethod 0x0000020449391190
Event: 1629.589 Thread 0x000002045c7b5de0 flushing  nmethod 0x0000020446202e90
Event: 1629.589 Thread 0x000002045c7b5de0 flushing  nmethod 0x000002044637f910
Event: 1629.589 Thread 0x000002045c7b5de0 flushing  nmethod 0x0000020446625010
Event: 1629.589 Thread 0x000002045c7b5de0 flushing  nmethod 0x000002044700ab90
Event: 1629.590 Thread 0x000002045c7b5de0 flushing  nmethod 0x00000204492b4a90
Event: 1629.590 Thread 0x000002045c7b5de0 flushing  nmethod 0x00000204492b5710
Event: 1629.590 Thread 0x000002045c7b5de0 flushing  nmethod 0x00000204492b6e10
Event: 1629.590 Thread 0x000002045c7b5de0 flushing  nmethod 0x00000204492b8010
Event: 1629.590 Thread 0x000002045c7b5de0 flushing  nmethod 0x00000204492b8810
Event: 1629.590 Thread 0x000002045c7b5de0 flushing  nmethod 0x00000204492bc790
Event: 1629.590 Thread 0x000002045c7b5de0 flushing  nmethod 0x00000204492be110

Events (20 events):
Event: 1589.137 Thread 0x00000204af93f7b0 Thread added: 0x00000204c6748b40
Event: 1589.137 Thread 0x00000204af93f7b0 Thread added: 0x00000204c6747e20
Event: 1589.191 Thread 0x00000204ae4ccf50 Thread exited: 0x00000204ae4ccf50
Event: 1589.191 Thread 0x00000204af0f3d20 Thread exited: 0x00000204af0f3d20
Event: 1590.609 Thread 0x000002045c7e2620 Thread added: 0x00000204b2684240
Event: 1593.799 Thread 0x00000204a653e330 Thread added: 0x00000204af93e400
Event: 1593.799 Thread 0x00000204a653e330 Thread added: 0x00000204b0bbff60
Event: 1593.802 Thread 0x00000204b2684240 Thread exited: 0x00000204b2684240
Event: 1624.280 Thread 0x00000204a64e21a0 Thread added: 0x00000204c6679f50
Event: 1624.328 Thread 0x00000204c66798c0 Thread exited: 0x00000204c66798c0
Event: 1629.147 Thread 0x00000204b1b51d70 Thread added: 0x00000204b200a5a0
Event: 1630.739 Thread 0x00000204b1b51d70 Thread added: 0x00000204b1b51050
Event: 1630.739 Thread 0x00000204b1b51d70 Thread added: 0x00000204aedd59c0
Event: 1630.739 Thread 0x00000204b1b51d70 Thread added: 0x00000204aedd4610
Event: 1630.740 Thread 0x00000204b1b51d70 Thread added: 0x00000204aedd4ca0
Event: 1630.740 Thread 0x00000204b1b51d70 Thread added: 0x00000204aedd5330
Event: 1630.740 Thread 0x00000204b1b51d70 Thread added: 0x00000204c7dd68d0
Event: 1630.740 Thread 0x00000204b1b51d70 Thread added: 0x00000204c7dd75f0
Event: 1630.740 Thread 0x00000204b1b51d70 Thread added: 0x00000204c7dd7c80
Event: 1630.740 Thread 0x00000204b1b51d70 Thread added: 0x00000204c7dd6f60


Dynamic libraries:
0x00007ff6c8e30000 - 0x00007ff6c8e3e000 	C:\Users\ACER\.gradle\jdks\azul_systems__inc_-21-amd64-windows.2\bin\java.exe
0x00007ffc531e0000 - 0x00007ffc53447000 	C:\Windows\SYSTEM32\ntdll.dll
0x00007ffc51c70000 - 0x00007ffc51d3b000 	C:\Windows\System32\KERNEL32.DLL
0x00007ffc509a0000 - 0x00007ffc50da2000 	C:\Windows\System32\KERNELBASE.dll
0x00007ffc50410000 - 0x00007ffc5055c000 	C:\Windows\System32\ucrtbase.dll
0x00007ffc13da0000 - 0x00007ffc13db9000 	C:\Users\ACER\.gradle\jdks\azul_systems__inc_-21-amd64-windows.2\bin\jli.dll
0x00007ffc51000000 - 0x00007ffc511cf000 	C:\Windows\System32\USER32.dll
0x00007ffc29e80000 - 0x00007ffc2a110000 	C:\Windows\WinSxS\amd64_microsoft.windows.common-controls_6595b64144ccf1df_6.0.26100.9278_none_3e0d1ba8e3303201\COMCTL32.dll
0x00007ffc503e0000 - 0x00007ffc50407000 	C:\Windows\System32\win32u.dll
0x00007ffc51440000 - 0x00007ffc514e9000 	C:\Windows\System32\msvcrt.dll
0x00007ffc52710000 - 0x00007ffc5273b000 	C:\Windows\System32\GDI32.dll
0x00007ffc13cb0000 - 0x00007ffc13cce000 	C:\Users\ACER\.gradle\jdks\azul_systems__inc_-21-amd64-windows.2\bin\VCRUNTIME140.dll
0x00007ffc50570000 - 0x00007ffc50699000 	C:\Windows\System32\gdi32full.dll
0x00007ffc50760000 - 0x00007ffc50803000 	C:\Windows\System32\msvcp_win.dll
0x00007ffc52740000 - 0x00007ffc52771000 	C:\Windows\System32\IMM32.DLL
0x00007ffc144b0000 - 0x00007ffc144bc000 	C:\Users\ACER\.gradle\jdks\azul_systems__inc_-21-amd64-windows.2\bin\vcruntime140_1.dll
0x00007ffbe65d0000 - 0x00007ffbe665d000 	C:\Users\ACER\.gradle\jdks\azul_systems__inc_-21-amd64-windows.2\bin\msvcp140.dll
0x00007ffb9be80000 - 0x00007ffb9cc68000 	C:\Users\ACER\.gradle\jdks\azul_systems__inc_-21-amd64-windows.2\bin\server\jvm.dll
0x00007ffc52810000 - 0x00007ffc528cc000 	C:\Windows\System32\ADVAPI32.dll
0x00007ffc52470000 - 0x00007ffc52519000 	C:\Windows\System32\sechost.dll
0x00007ffc53080000 - 0x00007ffc53198000 	C:\Windows\System32\RPCRT4.dll
0x00007ffc516e0000 - 0x00007ffc51760000 	C:\Windows\System32\WS2_32.dll
0x00007ffc4ef10000 - 0x00007ffc4ef6e000 	C:\Windows\SYSTEM32\POWRPROF.dll
0x00007ffc3cf80000 - 0x00007ffc3cfb6000 	C:\Windows\SYSTEM32\WINMM.dll
0x00007ffc3e2e0000 - 0x00007ffc3e2eb000 	C:\Windows\SYSTEM32\VERSION.dll
0x00007ffc4eef0000 - 0x00007ffc4ef05000 	C:\Windows\SYSTEM32\UMPDC.dll
0x00007ffc4f1d0000 - 0x00007ffc4f1eb000 	C:\Windows\SYSTEM32\kernel.appcore.dll
0x00007ffc14450000 - 0x00007ffc1445a000 	C:\Users\ACER\.gradle\jdks\azul_systems__inc_-21-amd64-windows.2\bin\jimage.dll
0x00007ffc4d890000 - 0x00007ffc4dadc000 	C:\Windows\SYSTEM32\DBGHELP.DLL
0x00007ffc51770000 - 0x00007ffc51af5000 	C:\Windows\System32\combase.dll
0x00007ffc51b00000 - 0x00007ffc51bd9000 	C:\Windows\System32\OLEAUT32.dll
0x00007ffc22720000 - 0x00007ffc2275b000 	C:\Windows\SYSTEM32\dbgcore.DLL
0x00007ffc50e40000 - 0x00007ffc50eec000 	C:\Windows\System32\bcryptPrimitives.dll
0x00007ffc143b0000 - 0x00007ffc143c0000 	C:\Users\ACER\.gradle\jdks\azul_systems__inc_-21-amd64-windows.2\bin\instrument.dll
0x00007ffbfd6a0000 - 0x00007ffbfd6c2000 	C:\Users\ACER\.gradle\jdks\azul_systems__inc_-21-amd64-windows.2\bin\java.dll
0x00007ffc528e0000 - 0x00007ffc53078000 	C:\Windows\System32\SHELL32.dll
0x00007ffc4de50000 - 0x00007ffc4e6fe000 	C:\Windows\SYSTEM32\windows.storage.dll
0x00007ffc50f00000 - 0x00007ffc50ffb000 	C:\Windows\System32\SHCORE.dll
0x00007ffc51d40000 - 0x00007ffc51da6000 	C:\Windows\System32\shlwapi.dll
0x00007ffc50300000 - 0x00007ffc50329000 	C:\Windows\SYSTEM32\profapi.dll
0x00007ffbc9ec0000 - 0x00007ffbc9f97000 	C:\Users\ACER\.gradle\jdks\azul_systems__inc_-21-amd64-windows.2\bin\jsvml.dll
0x00007ffc136e0000 - 0x00007ffc136f8000 	C:\Users\ACER\.gradle\jdks\azul_systems__inc_-21-amd64-windows.2\bin\zip.dll
0x00007ffc13520000 - 0x00007ffc13532000 	C:\Users\ACER\.gradle\jdks\azul_systems__inc_-21-amd64-windows.2\bin\net.dll
0x00007ffc46340000 - 0x00007ffc4646a000 	C:\Windows\SYSTEM32\WINHTTP.dll
0x00007ffc4f790000 - 0x00007ffc4f7fc000 	C:\Windows\system32\mswsock.dll
0x00007ffc13240000 - 0x00007ffc13256000 	C:\Users\ACER\.gradle\jdks\azul_systems__inc_-21-amd64-windows.2\bin\nio.dll
0x00007ffc13c10000 - 0x00007ffc13c20000 	C:\Users\ACER\.gradle\jdks\azul_systems__inc_-21-amd64-windows.2\bin\verify.dll
0x00007ffc12830000 - 0x00007ffc12857000 	C:\Users\ACER\.gradle\native\1def1411415f61bf3af743bc5b6707747c0891f09f0c88961ee8f79bc544acac\windows-amd64\native-platform.dll
0x00007ffbe6350000 - 0x00007ffbe63c7000 	C:\Users\ACER\.gradle\native\0.2.8\x86_64-windows-gnu\gradle-fileevents.dll
0x00007ffc13b70000 - 0x00007ffc13b7a000 	C:\Users\ACER\.gradle\jdks\azul_systems__inc_-21-amd64-windows.2\bin\management.dll
0x00007ffc13580000 - 0x00007ffc1358c000 	C:\Users\ACER\.gradle\jdks\azul_systems__inc_-21-amd64-windows.2\bin\management_ext.dll
0x00007ffc514f0000 - 0x00007ffc514f8000 	C:\Windows\System32\PSAPI.DLL
0x00007ffc4ead0000 - 0x00007ffc4eb03000 	C:\Windows\SYSTEM32\IPHLPAPI.DLL
0x00007ffc525a0000 - 0x00007ffc525aa000 	C:\Windows\System32\NSI.dll
0x00007ffc12d20000 - 0x00007ffc12d29000 	C:\Users\ACER\.gradle\jdks\azul_systems__inc_-21-amd64-windows.2\bin\extnet.dll
0x00007ffc4fa80000 - 0x00007ffc4fa9b000 	C:\Windows\SYSTEM32\CRYPTSP.dll
0x00007ffc4f130000 - 0x00007ffc4f169000 	C:\Windows\system32\rsaenh.dll
0x00007ffc4f840000 - 0x00007ffc4f874000 	C:\Windows\SYSTEM32\USERENV.dll
0x00007ffc502d0000 - 0x00007ffc502fa000 	C:\Windows\SYSTEM32\bcrypt.dll
0x00007ffc4faa0000 - 0x00007ffc4faac000 	C:\Windows\SYSTEM32\CRYPTBASE.dll
0x00007ffc12d10000 - 0x00007ffc12d1e000 	C:\Users\ACER\.gradle\jdks\azul_systems__inc_-21-amd64-windows.2\bin\sunmscapi.dll
0x00007ffc50810000 - 0x00007ffc5098e000 	C:\Windows\System32\CRYPT32.dll
0x00007ffc4fcc0000 - 0x00007ffc4fcf0000 	C:\Windows\SYSTEM32\ncrypt.dll
0x00007ffc4fc70000 - 0x00007ffc4fcaf000 	C:\Windows\SYSTEM32\NTASN1.dll
0x00007ffc1fc70000 - 0x00007ffc1fc78000 	C:\Windows\system32\wshunix.dll
0x00007ffc337b0000 - 0x00007ffc337b7000 	C:\Users\ACER\.gradle\jdks\azul_systems__inc_-21-amd64-windows.2\bin\rmi.dll

JVMTI agents:
C:\Users\ACER\.gradle\wrapper\dists\gradle-9.1.0-bin\9agqghryom9wkf8r80qlhnts3\gradle-9.1.0\lib\agents\gradle-instrumentation-agent-9.1.0.jar path:C:\Users\ACER\.gradle\jdks\azul_systems__inc_-21-amd64-windows.2\bin\instrument.dll, loaded, initialized, instrumentlib options:none

dbghelp: loaded successfully - version: 4.0.5 - missing functions: none
symbol engine: initialized successfully - sym options: 0x614 - pdb path: .;C:\Users\ACER\.gradle\jdks\azul_systems__inc_-21-amd64-windows.2\bin;C:\Windows\SYSTEM32;C:\Windows\WinSxS\amd64_microsoft.windows.common-controls_6595b64144ccf1df_6.0.26100.9278_none_3e0d1ba8e3303201;C:\Users\ACER\.gradle\jdks\azul_systems__inc_-21-amd64-windows.2\bin\server;C:\Users\ACER\.gradle\native\1def1411415f61bf3af743bc5b6707747c0891f09f0c88961ee8f79bc544acac\windows-amd64;C:\Users\ACER\.gradle\native\0.2.8\x86_64-windows-gnu

VM Arguments:
jvm_args: --add-opens=java.base/java.lang=ALL-UNNAMED --add-opens=java.base/java.lang.invoke=ALL-UNNAMED --add-opens=java.base/java.util=ALL-UNNAMED --add-opens=java.prefs/java.util.prefs=ALL-UNNAMED --add-exports=jdk.compiler/com.sun.tools.javac.api=ALL-UNNAMED --add-exports=jdk.compiler/com.sun.tools.javac.util=ALL-UNNAMED --add-opens=java.base/java.util=ALL-UNNAMED --add-opens=java.prefs/java.util.prefs=ALL-UNNAMED --add-opens=java.base/java.nio.charset=ALL-UNNAMED --add-opens=java.base/java.net=ALL-UNNAMED --add-opens=java.base/java.util.concurrent=ALL-UNNAMED --add-opens=java.base/java.util.concurrent.atomic=ALL-UNNAMED --add-opens=java.xml/javax.xml.namespace=ALL-UNNAMED --add-opens=java.base/java.time=ALL-UNNAMED -Xmx4096M -Dfile.encoding=UTF-8 -Duser.country=US -Duser.language=en -Duser.variant -javaagent:C:\Users\ACER\.gradle\wrapper\dists\gradle-9.1.0-bin\9agqghryom9wkf8r80qlhnts3\gradle-9.1.0\lib\agents\gradle-instrumentation-agent-9.1.0.jar 
java_command: org.gradle.launcher.daemon.bootstrap.GradleDaemon 9.1.0
java_class_path (initial): C:\Users\ACER\.gradle\wrapper\dists\gradle-9.1.0-bin\9agqghryom9wkf8r80qlhnts3\gradle-9.1.0\lib\gradle-daemon-main-9.1.0.jar
Launcher Type: SUN_STANDARD

[Global flags]
     intx CICompilerCount                          = 4                                         {product} {ergonomic}
     uint ConcGCThreads                            = 3                                         {product} {ergonomic}
     uint G1ConcRefinementThreads                  = 10                                        {product} {ergonomic}
   size_t G1HeapRegionSize                         = 2097152                                   {product} {ergonomic}
    uintx GCDrainStackTargetSize                   = 64                                        {product} {ergonomic}
   size_t InitialHeapSize                          = 264241152                                 {product} {ergonomic}
   size_t MarkStackSize                            = 4194304                                   {product} {ergonomic}
   size_t MaxHeapSize                              = 4294967296                                {product} {command line}
   size_t MaxNewSize                               = 2575302656                                {product} {ergonomic}
   size_t MinHeapDeltaBytes                        = 2097152                                   {product} {ergonomic}
   size_t MinHeapSize                              = 8388608                                   {product} {ergonomic}
    uintx NonNMethodCodeHeapSize                   = 5839372                                {pd product} {ergonomic}
    uintx NonProfiledCodeHeapSize                  = 122909434                              {pd product} {ergonomic}
    uintx ProfiledCodeHeapSize                     = 122909434                              {pd product} {ergonomic}
    uintx ReservedCodeCacheSize                    = 251658240                              {pd product} {ergonomic}
     bool SegmentedCodeCache                       = true                                      {product} {ergonomic}
   size_t SoftMaxHeapSize                          = 4294967296                             {manageable} {ergonomic}
     bool UseCompressedOops                        = true                           {product lp64_product} {ergonomic}
     bool UseG1GC                                  = true                                      {product} {ergonomic}
     bool UseLargePagesIndividualAllocation        = false                                  {pd product} {ergonomic}

Logging:
Log output configuration:
 #0: stdout all=warning uptime,level,tags foldmultilines=false
 #1: stderr all=off uptime,level,tags foldmultilines=false

Release file:
IMPLEMENTOR="Azul Systems, Inc." 
IMPLEMENTOR_VERSION="Zulu21.50+19-CA" 
JAVA_RUNTIME_VERSION="21.0.11+10-LTS" 
JAVA_VERSION="21.0.11" 
JAVA_VERSION_DATE="2026-04-21" 
LIBC="default" 
MODULES="java.base com.azul.tooling java.logging java.management java.security.sasl java.naming jdk.jfr com.azul.crs.client java.compiler java.datatransfer java.xml java.prefs java.desktop java.instrument java.rmi java.management.rmi java.net.http java.scripting java.security.jgss java.transaction.xa java.sql java.sql.rowset java.xml.crypto java.se java.smartcardio javafx.base jdk.unsupported javafx.graphics javafx.controls javafx.fxml javafx.media jdk.unsupported.desktop javafx.swing jdk.jsobject jdk.xml.dom javafx.web jdk.accessibility jdk.internal.jvmstat jdk.attach jdk.charsets jdk.internal.opt jdk.zipfs jdk.compiler jdk.crypto.ec jdk.crypto.cryptoki jdk.crypto.mscapi jdk.dynalink jdk.internal.ed jdk.editpad jdk.hotspot.agent jdk.httpserver jdk.incubator.vector jdk.internal.le jdk.internal.vm.ci jdk.internal.vm.compiler jdk.internal.vm.compiler.management jdk.jartool jdk.javadoc jdk.jcmd jdk.management jdk.management.agent jdk.jconsole jdk.jdeps jdk.jdwp.agent jdk.jdi jdk.jlink jdk.jpackage jdk.jshell jdk.jstatd jdk.localedata jdk.management.jfr jdk.naming.dns jdk.naming.rmi jdk.net jdk.nio.mapmode jdk.random jdk.sctp jdk.security.auth jdk.security.jgss" 
OS_ARCH="x86_64" 
OS_NAME="Windows" 
SOURCE=".:git:ffff125054c5+" 

Environment Variables:
PATH=C:\Windows\system32;C:\Windows;C:\Windows\System32\Wbem;C:\Windows\System32\WindowsPowerShell\v1.0\;C:\Windows\System32\OpenSSH\;C:\Program Files\NVIDIA Corporation\NVIDIA App\NvDLISR;C:\Program Files (x86)\NVIDIA Corporation\PhysX\Common;C:\Program Files\dotnet\;C:\Program Files\Sunshine;C:\Program Files\Sunshine\tools;C:\Program Files\PuTTY\;C:\Program Files\nodejs\;C:\Program Files\Git\cmd;C:\Program Files\PowerToys\DSCModules\;C:\Users\ACER\AppData\Local\Programs\Python\Python314\Scripts\;C:\Users\ACER\AppData\Local\Programs\Python\Python314\;C:\Users\ACER\AppData\Local\Microsoft\WindowsApps;C:\Users\ACER\AppData\Local\Programs\Microsoft VS Code\bin;C:\Users\ACER\.dotnet\tools;C:\Users\ACER\Downloads\ffmpeg-master-latest-win64-gpl\ffmpeg-master-latest-win64-gpl\bin;C:\Users\ACER\AppData\Roaming\npm;C:\Users\ACER\AppData\Local\Programs\Ollama;C:\Program Files\JetBrains\IntelliJ IDEA 2026.1.3\bin;C:\msys64\ucrt64\bin;;C:\ghcup\bin
USERNAME=ACER
OS=Windows_NT
PROCESSOR_IDENTIFIER=Intel64 Family 6 Model 186 Stepping 2, GenuineIntel
TMP=C:\Users\ACER\AppData\Local\Temp
TEMP=C:\Users\ACER\AppData\Local\Temp




Periodic native trim disabled

---------------  S Y S T E M  ---------------

OS:
 Windows 11 , 64 bit Build 26100 (10.0.26100.9444)
OS uptime: 1 days 9:12 hours
Hyper-V role detected

CPU: total 12 (initial active 12) (6 cores per cpu, 2 threads per core) family 6 model 186 stepping 2 microcode 0x5105, cx8, cmov, fxsr, ht, mmx, 3dnowpref, sse, sse2, sse3, ssse3, sse4.1, sse4.2, popcnt, lzcnt, tsc, tscinvbit, avx, avx2, aes, erms, clmul, bmi1, bmi2, adx, sha, fma, vzeroupper, clflush, clflushopt, clwb, hv, serialize, rdtscp, rdpid, fsrm, f16c, cet_ibt, cet_ss
Processor Information for the first 12 processors :
  Max Mhz: 2100, Current Mhz: 2100, Mhz Limit: 2100

Memory: 4k page, system-wide physical 16087M (44M free)
TotalPageFile size 34179M (AvailPageFile size 0M)
current process WorkingSet (physical memory assigned to process): 984M, peak: 1139M
current process commit charge ("private bytes"): 1301M, peak: 1305M

vm_info: OpenJDK 64-Bit Server VM (21.0.11+10-LTS) for windows-amd64 JRE (21.0.11+10-LTS) (Zulu21.50+19-CA), built on 2026-04-17T20:44:27Z by "zulu_re" with MS VC++ 17.1 (VS2022)

END.
